"date_key","tanggal","tahun","bulan","hari","kuartal"
"01012024","2024-01-01","2024","1","1","1"
"01012025","2025-01-01","2025","1","1","1"
"01012026","2026-01-01","2026","1","1","1"
"01022024","2024-01-02","2024","1","2","1"
"01022025","2025-01-02","2025","1","2","1"
"01022026","2026-01-02","2026","1","2","1"
"01032024","2024-01-03","2024","1","3","1"
"01032025","2025-01-03","2025","1","3","1"
"01032026","2026-01-03","2026","1","3","1"
"01042024","2024-01-04","2024","1","4","1"
"01042025","2025-01-04","2025","1","4","1"
"01042026","2026-01-04","2026","1","4","1"
"01052024","2024-01-05","2024","1","5","1"
"01052025","2025-01-05","2025","1","5","1"
"01052026","2026-01-05","2026","1","5","1"
"01062024","2024-01-06","2024","1","6","1"
"01062025","2025-01-06","2025","1","6","1"
"01062026","2026-01-06","2026","1","6","1"
"01072024","2024-01-07","2024","1","7","1"
"01072025","2025-01-07","2025","1","7","1"
"01072026","2026-01-07","2026","1","7","1"
"01082024","2024-01-08","2024","1","8","1"
"01082025","2025-01-08","2025","1","8","1"
"01082026","2026-01-08","2026","1","8","1"
"01092024","2024-01-09","2024","1","9","1"
"01092025","2025-01-09","2025","1","9","1"
"01092026","2026-01-09","2026","1","9","1"
"01102024","2024-01-10","2024","1","10","1"
"01102025","2025-01-10","2025","1","10","1"
"01102026","2026-01-10","2026","1","10","1"
"01112024","2024-01-11","2024","1","11","1"
"01112025","2025-01-11","2025","1","11","1"
"01112026","2026-01-11","2026","1","11","1"
"01122024","2024-01-12","2024","1","12","1"
"01122025","2025-01-12","2025","1","12","1"
"01122026","2026-01-12","2026","1","12","1"
"01132024","2024-01-13","2024","1","13","1"
"01132025","2025-01-13","2025","1","13","1"
"01132026","2026-01-13","2026","1","13","1"
"01142024","2024-01-14","2024","1","14","1"
"01142025","2025-01-14","2025","1","14","1"
"01142026","2026-01-14","2026","1","14","1"
"01152024","2024-01-15","2024","1","15","1"
"01152025","2025-01-15","2025","1","15","1"
"01152026","2026-01-15","2026","1","15","1"
"01162024","2024-01-16","2024","1","16","1"
"01162025","2025-01-16","2025","1","16","1"
"01162026","2026-01-16","2026","1","16","1"
"01172024","2024-01-17","2024","1","17","1"
"01172025","2025-01-17","2025","1","17","1"
"01172026","2026-01-17","2026","1","17","1"
"01182024","2024-01-18","2024","1","18","1"
"01182025","2025-01-18","2025","1","18","1"
"01182026","2026-01-18","2026","1","18","1"
"01192024","2024-01-19","2024","1","19","1"
"01192025","2025-01-19","2025","1","19","1"
"01192026","2026-01-19","2026","1","19","1"
"01202024","2024-01-20","2024","1","20","1"
"01202025","2025-01-20","2025","1","20","1"
"01202026","2026-01-20","2026","1","20","1"
"01212024","2024-01-21","2024","1","21","1"
"01212025","2025-01-21","2025","1","21","1"
"01212026","2026-01-21","2026","1","21","1"
"01222024","2024-01-22","2024","1","22","1"
"01222025","2025-01-22","2025","1","22","1"
"01222026","2026-01-22","2026","1","22","1"
"01232024","2024-01-23","2024","1","23","1"
"01232025","2025-01-23","2025","1","23","1"
"01232026","2026-01-23","2026","1","23","1"
"01242024","2024-01-24","2024","1","24","1"
"01242025","2025-01-24","2025","1","24","1"
"01242026","2026-01-24","2026","1","24","1"
"01252024","2024-01-25","2024","1","25","1"
"01252025","2025-01-25","2025","1","25","1"
"01252026","2026-01-25","2026","1","25","1"
"01262024","2024-01-26","2024","1","26","1"
"01262025","2025-01-26","2025","1","26","1"
"01262026","2026-01-26","2026","1","26","1"
"01272024","2024-01-27","2024","1","27","1"
"01272025","2025-01-27","2025","1","27","1"
"01272026","2026-01-27","2026","1","27","1"
"01282024","2024-01-28","2024","1","28","1"
"01282025","2025-01-28","2025","1","28","1"
"01282026","2026-01-28","2026","1","28","1"
"01292024","2024-01-29","2024","1","29","1"
"01292025","2025-01-29","2025","1","29","1"
"01292026","2026-01-29","2026","1","29","1"
"01302024","2024-01-30","2024","1","30","1"
"01302025","2025-01-30","2025","1","30","1"
"01302026","2026-01-30","2026","1","30","1"
"01312024","2024-01-31","2024","1","31","1"
"01312025","2025-01-31","2025","1","31","1"
"01312026","2026-01-31","2026","1","31","1"
"02012024","2024-02-01","2024","2","1","1"
"02012025","2025-02-01","2025","2","1","1"
"02012026","2026-02-01","2026","2","1","1"
"02022024","2024-02-02","2024","2","2","1"
"02022025","2025-02-02","2025","2","2","1"
"02022026","2026-02-02","2026","2","2","1"
"02032024","2024-02-03","2024","2","3","1"
"02032025","2025-02-03","2025","2","3","1"
"02032026","2026-02-03","2026","2","3","1"
"02042024","2024-02-04","2024","2","4","1"
"02042025","2025-02-04","2025","2","4","1"
"02042026","2026-02-04","2026","2","4","1"
"02052024","2024-02-05","2024","2","5","1"
"02052025","2025-02-05","2025","2","5","1"
"02052026","2026-02-05","2026","2","5","1"
"02062024","2024-02-06","2024","2","6","1"
"02062025","2025-02-06","2025","2","6","1"
"02062026","2026-02-06","2026","2","6","1"
"02072024","2024-02-07","2024","2","7","1"
"02072025","2025-02-07","2025","2","7","1"
"02072026","2026-02-07","2026","2","7","1"
"02082024","2024-02-08","2024","2","8","1"
"02082025","2025-02-08","2025","2","8","1"
"02082026","2026-02-08","2026","2","8","1"
"02092024","2024-02-09","2024","2","9","1"
"02092025","2025-02-09","2025","2","9","1"
"02092026","2026-02-09","2026","2","9","1"
"02102024","2024-02-10","2024","2","10","1"
"02102025","2025-02-10","2025","2","10","1"
"02102026","2026-02-10","2026","2","10","1"
"02112024","2024-02-11","2024","2","11","1"
"02112025","2025-02-11","2025","2","11","1"
"02112026","2026-02-11","2026","2","11","1"
"02122024","2024-02-12","2024","2","12","1"
"02122025","2025-02-12","2025","2","12","1"
"02122026","2026-02-12","2026","2","12","1"
"02132024","2024-02-13","2024","2","13","1"
"02132025","2025-02-13","2025","2","13","1"
"02132026","2026-02-13","2026","2","13","1"
"02142024","2024-02-14","2024","2","14","1"
"02142025","2025-02-14","2025","2","14","1"
"02142026","2026-02-14","2026","2","14","1"
"02152024","2024-02-15","2024","2","15","1"
"02152025","2025-02-15","2025","2","15","1"
"02152026","2026-02-15","2026","2","15","1"
"02162024","2024-02-16","2024","2","16","1"
"02162025","2025-02-16","2025","2","16","1"
"02162026","2026-02-16","2026","2","16","1"
"02172024","2024-02-17","2024","2","17","1"
"02172025","2025-02-17","2025","2","17","1"
"02172026","2026-02-17","2026","2","17","1"
"02182024","2024-02-18","2024","2","18","1"
"02182025","2025-02-18","2025","2","18","1"
"02182026","2026-02-18","2026","2","18","1"
"02192024","2024-02-19","2024","2","19","1"
"02192025","2025-02-19","2025","2","19","1"
"02192026","2026-02-19","2026","2","19","1"
"02202024","2024-02-20","2024","2","20","1"
"02202025","2025-02-20","2025","2","20","1"
"02202026","2026-02-20","2026","2","20","1"
"02212024","2024-02-21","2024","2","21","1"
"02212025","2025-02-21","2025","2","21","1"
"02212026","2026-02-21","2026","2","21","1"
"02222024","2024-02-22","2024","2","22","1"
"02222025","2025-02-22","2025","2","22","1"
"02222026","2026-02-22","2026","2","22","1"
"02232024","2024-02-23","2024","2","23","1"
"02232025","2025-02-23","2025","2","23","1"
"02232026","2026-02-23","2026","2","23","1"
"02242023","2023-02-24","2023","2","24","1"
"02242024","2024-02-24","2024","2","24","1"
"02242025","2025-02-24","2025","2","24","1"
"02252023","2023-02-25","2023","2","25","1"
"02252024","2024-02-25","2024","2","25","1"
"02252025","2025-02-25","2025","2","25","1"
"02262023","2023-02-26","2023","2","26","1"
"02262024","2024-02-26","2024","2","26","1"
"02262025","2025-02-26","2025","2","26","1"
"02272023","2023-02-27","2023","2","27","1"
"02272024","2024-02-27","2024","2","27","1"
"02272025","2025-02-27","2025","2","27","1"
"02282023","2023-02-28","2023","2","28","1"
"02282024","2024-02-28","2024","2","28","1"
"02282025","2025-02-28","2025","2","28","1"
"02292024","2024-02-29","2024","2","29","1"
"03012023","2023-03-01","2023","3","1","1"
"03012024","2024-03-01","2024","3","1","1"
"03012025","2025-03-01","2025","3","1","1"
"03022023","2023-03-02","2023","3","2","1"
"03022024","2024-03-02","2024","3","2","1"
"03022025","2025-03-02","2025","3","2","1"
"03032023","2023-03-03","2023","3","3","1"
"03032024","2024-03-03","2024","3","3","1"
"03032025","2025-03-03","2025","3","3","1"
"03042023","2023-03-04","2023","3","4","1"
"03042024","2024-03-04","2024","3","4","1"
"03042025","2025-03-04","2025","3","4","1"
"03052023","2023-03-05","2023","3","5","1"
"03052024","2024-03-05","2024","3","5","1"
"03052025","2025-03-05","2025","3","5","1"
"03062023","2023-03-06","2023","3","6","1"
"03062024","2024-03-06","2024","3","6","1"
"03062025","2025-03-06","2025","3","6","1"
"03072023","2023-03-07","2023","3","7","1"
"03072024","2024-03-07","2024","3","7","1"
"03072025","2025-03-07","2025","3","7","1"
"03082023","2023-03-08","2023","3","8","1"
"03082024","2024-03-08","2024","3","8","1"
"03082025","2025-03-08","2025","3","8","1"
"03092023","2023-03-09","2023","3","9","1"
"03092024","2024-03-09","2024","3","9","1"
"03092025","2025-03-09","2025","3","9","1"
"03102023","2023-03-10","2023","3","10","1"
"03102024","2024-03-10","2024","3","10","1"
"03102025","2025-03-10","2025","3","10","1"
"03112023","2023-03-11","2023","3","11","1"
"03112024","2024-03-11","2024","3","11","1"
"03112025","2025-03-11","2025","3","11","1"
"03122023","2023-03-12","2023","3","12","1"
"03122024","2024-03-12","2024","3","12","1"
"03122025","2025-03-12","2025","3","12","1"
"03132023","2023-03-13","2023","3","13","1"
"03132024","2024-03-13","2024","3","13","1"
"03132025","2025-03-13","2025","3","13","1"
"03142023","2023-03-14","2023","3","14","1"
"03142024","2024-03-14","2024","3","14","1"
"03142025","2025-03-14","2025","3","14","1"
"03152023","2023-03-15","2023","3","15","1"
"03152024","2024-03-15","2024","3","15","1"
"03152025","2025-03-15","2025","3","15","1"
"03162023","2023-03-16","2023","3","16","1"
"03162024","2024-03-16","2024","3","16","1"
"03162025","2025-03-16","2025","3","16","1"
"03172023","2023-03-17","2023","3","17","1"
"03172024","2024-03-17","2024","3","17","1"
"03172025","2025-03-17","2025","3","17","1"
"03182023","2023-03-18","2023","3","18","1"
"03182024","2024-03-18","2024","3","18","1"
"03182025","2025-03-18","2025","3","18","1"
"03192023","2023-03-19","2023","3","19","1"
"03192024","2024-03-19","2024","3","19","1"
"03192025","2025-03-19","2025","3","19","1"
"03202023","2023-03-20","2023","3","20","1"
"03202024","2024-03-20","2024","3","20","1"
"03202025","2025-03-20","2025","3","20","1"
"03212023","2023-03-21","2023","3","21","1"
"03212024","2024-03-21","2024","3","21","1"
"03212025","2025-03-21","2025","3","21","1"
"03222023","2023-03-22","2023","3","22","1"
"03222024","2024-03-22","2024","3","22","1"
"03222025","2025-03-22","2025","3","22","1"
"03232023","2023-03-23","2023","3","23","1"
"03232024","2024-03-23","2024","3","23","1"
"03232025","2025-03-23","2025","3","23","1"
"03242023","2023-03-24","2023","3","24","1"
"03242024","2024-03-24","2024","3","24","1"
"03242025","2025-03-24","2025","3","24","1"
"03252023","2023-03-25","2023","3","25","1"
"03252024","2024-03-25","2024","3","25","1"
"03252025","2025-03-25","2025","3","25","1"
"03262023","2023-03-26","2023","3","26","1"
"03262024","2024-03-26","2024","3","26","1"
"03262025","2025-03-26","2025","3","26","1"
"03272023","2023-03-27","2023","3","27","1"
"03272024","2024-03-27","2024","3","27","1"
"03272025","2025-03-27","2025","3","27","1"
"03282023","2023-03-28","2023","3","28","1"
"03282024","2024-03-28","2024","3","28","1"
"03282025","2025-03-28","2025","3","28","1"
"03292023","2023-03-29","2023","3","29","1"
"03292024","2024-03-29","2024","3","29","1"
"03292025","2025-03-29","2025","3","29","1"
"03302023","2023-03-30","2023","3","30","1"
"03302024","2024-03-30","2024","3","30","1"
"03302025","2025-03-30","2025","3","30","1"
"03312023","2023-03-31","2023","3","31","1"
"03312024","2024-03-31","2024","3","31","1"
"03312025","2025-03-31","2025","3","31","1"
"04012023","2023-04-01","2023","4","1","2"
"04012024","2024-04-01","2024","4","1","2"
"04012025","2025-04-01","2025","4","1","2"
"04022023","2023-04-02","2023","4","2","2"
"04022024","2024-04-02","2024","4","2","2"
"04022025","2025-04-02","2025","4","2","2"
"04032023","2023-04-03","2023","4","3","2"
"04032024","2024-04-03","2024","4","3","2"
"04032025","2025-04-03","2025","4","3","2"
"04042023","2023-04-04","2023","4","4","2"
"04042024","2024-04-04","2024","4","4","2"
"04042025","2025-04-04","2025","4","4","2"
"04052023","2023-04-05","2023","4","5","2"
"04052024","2024-04-05","2024","4","5","2"
"04052025","2025-04-05","2025","4","5","2"
"04062023","2023-04-06","2023","4","6","2"
"04062024","2024-04-06","2024","4","6","2"
"04062025","2025-04-06","2025","4","6","2"
"04072023","2023-04-07","2023","4","7","2"
"04072024","2024-04-07","2024","4","7","2"
"04072025","2025-04-07","2025","4","7","2"
"04082023","2023-04-08","2023","4","8","2"
"04082024","2024-04-08","2024","4","8","2"
"04082025","2025-04-08","2025","4","8","2"
"04092023","2023-04-09","2023","4","9","2"
"04092024","2024-04-09","2024","4","9","2"
"04092025","2025-04-09","2025","4","9","2"
"04102023","2023-04-10","2023","4","10","2"
"04102024","2024-04-10","2024","4","10","2"
"04102025","2025-04-10","2025","4","10","2"
"04112023","2023-04-11","2023","4","11","2"
"04112024","2024-04-11","2024","4","11","2"
"04112025","2025-04-11","2025","4","11","2"
"04122023","2023-04-12","2023","4","12","2"
"04122024","2024-04-12","2024","4","12","2"
"04122025","2025-04-12","2025","4","12","2"
"04132023","2023-04-13","2023","4","13","2"
"04132024","2024-04-13","2024","4","13","2"
"04132025","2025-04-13","2025","4","13","2"
"04142023","2023-04-14","2023","4","14","2"
"04142024","2024-04-14","2024","4","14","2"
"04142025","2025-04-14","2025","4","14","2"
"04152023","2023-04-15","2023","4","15","2"
"04152024","2024-04-15","2024","4","15","2"
"04152025","2025-04-15","2025","4","15","2"
"04162023","2023-04-16","2023","4","16","2"
"04162024","2024-04-16","2024","4","16","2"
"04162025","2025-04-16","2025","4","16","2"
"04172023","2023-04-17","2023","4","17","2"
"04172024","2024-04-17","2024","4","17","2"
"04172025","2025-04-17","2025","4","17","2"
"04182023","2023-04-18","2023","4","18","2"
"04182024","2024-04-18","2024","4","18","2"
"04182025","2025-04-18","2025","4","18","2"
"04192023","2023-04-19","2023","4","19","2"
"04192024","2024-04-19","2024","4","19","2"
"04192025","2025-04-19","2025","4","19","2"
"04202023","2023-04-20","2023","4","20","2"
"04202024","2024-04-20","2024","4","20","2"
"04202025","2025-04-20","2025","4","20","2"
"04212023","2023-04-21","2023","4","21","2"
"04212024","2024-04-21","2024","4","21","2"
"04212025","2025-04-21","2025","4","21","2"
"04222023","2023-04-22","2023","4","22","2"
"04222024","2024-04-22","2024","4","22","2"
"04222025","2025-04-22","2025","4","22","2"
"04232023","2023-04-23","2023","4","23","2"
"04232024","2024-04-23","2024","4","23","2"
"04232025","2025-04-23","2025","4","23","2"
"04242023","2023-04-24","2023","4","24","2"
"04242024","2024-04-24","2024","4","24","2"
"04242025","2025-04-24","2025","4","24","2"
"04252023","2023-04-25","2023","4","25","2"
"04252024","2024-04-25","2024","4","25","2"
"04252025","2025-04-25","2025","4","25","2"
"04262023","2023-04-26","2023","4","26","2"
"04262024","2024-04-26","2024","4","26","2"
"04262025","2025-04-26","2025","4","26","2"
"04272023","2023-04-27","2023","4","27","2"
"04272024","2024-04-27","2024","4","27","2"
"04272025","2025-04-27","2025","4","27","2"
"04282023","2023-04-28","2023","4","28","2"
"04282024","2024-04-28","2024","4","28","2"
"04282025","2025-04-28","2025","4","28","2"
"04292023","2023-04-29","2023","4","29","2"
"04292024","2024-04-29","2024","4","29","2"
"04292025","2025-04-29","2025","4","29","2"
"04302023","2023-04-30","2023","4","30","2"
"04302024","2024-04-30","2024","4","30","2"
"04302025","2025-04-30","2025","4","30","2"
"05012023","2023-05-01","2023","5","1","2"
"05012024","2024-05-01","2024","5","1","2"
"05012025","2025-05-01","2025","5","1","2"
"05022023","2023-05-02","2023","5","2","2"
"05022024","2024-05-02","2024","5","2","2"
"05022025","2025-05-02","2025","5","2","2"
"05032023","2023-05-03","2023","5","3","2"
"05032024","2024-05-03","2024","5","3","2"
"05032025","2025-05-03","2025","5","3","2"
"05042023","2023-05-04","2023","5","4","2"
"05042024","2024-05-04","2024","5","4","2"
"05042025","2025-05-04","2025","5","4","2"
"05052023","2023-05-05","2023","5","5","2"
"05052024","2024-05-05","2024","5","5","2"
"05052025","2025-05-05","2025","5","5","2"
"05062023","2023-05-06","2023","5","6","2"
"05062024","2024-05-06","2024","5","6","2"
"05062025","2025-05-06","2025","5","6","2"
"05072023","2023-05-07","2023","5","7","2"
"05072024","2024-05-07","2024","5","7","2"
"05072025","2025-05-07","2025","5","7","2"
"05082023","2023-05-08","2023","5","8","2"
"05082024","2024-05-08","2024","5","8","2"
"05082025","2025-05-08","2025","5","8","2"
"05092023","2023-05-09","2023","5","9","2"
"05092024","2024-05-09","2024","5","9","2"
"05092025","2025-05-09","2025","5","9","2"
"05102023","2023-05-10","2023","5","10","2"
"05102024","2024-05-10","2024","5","10","2"
"05102025","2025-05-10","2025","5","10","2"
"05112023","2023-05-11","2023","5","11","2"
"05112024","2024-05-11","2024","5","11","2"
"05112025","2025-05-11","2025","5","11","2"
"05122023","2023-05-12","2023","5","12","2"
"05122024","2024-05-12","2024","5","12","2"
"05122025","2025-05-12","2025","5","12","2"
"05132023","2023-05-13","2023","5","13","2"
"05132024","2024-05-13","2024","5","13","2"
"05132025","2025-05-13","2025","5","13","2"
"05142023","2023-05-14","2023","5","14","2"
"05142024","2024-05-14","2024","5","14","2"
"05142025","2025-05-14","2025","5","14","2"
"05152023","2023-05-15","2023","5","15","2"
"05152024","2024-05-15","2024","5","15","2"
"05152025","2025-05-15","2025","5","15","2"
"05162023","2023-05-16","2023","5","16","2"
"05162024","2024-05-16","2024","5","16","2"
"05162025","2025-05-16","2025","5","16","2"
"05172023","2023-05-17","2023","5","17","2"
"05172024","2024-05-17","2024","5","17","2"
"05172025","2025-05-17","2025","5","17","2"
"05182023","2023-05-18","2023","5","18","2"
"05182024","2024-05-18","2024","5","18","2"
"05182025","2025-05-18","2025","5","18","2"
"05192023","2023-05-19","2023","5","19","2"
"05192024","2024-05-19","2024","5","19","2"
"05192025","2025-05-19","2025","5","19","2"
"05202023","2023-05-20","2023","5","20","2"
"05202024","2024-05-20","2024","5","20","2"
"05202025","2025-05-20","2025","5","20","2"
"05212023","2023-05-21","2023","5","21","2"
"05212024","2024-05-21","2024","5","21","2"
"05212025","2025-05-21","2025","5","21","2"
"05222023","2023-05-22","2023","5","22","2"
"05222024","2024-05-22","2024","5","22","2"
"05222025","2025-05-22","2025","5","22","2"
"05232023","2023-05-23","2023","5","23","2"
"05232024","2024-05-23","2024","5","23","2"
"05232025","2025-05-23","2025","5","23","2"
"05242023","2023-05-24","2023","5","24","2"
"05242024","2024-05-24","2024","5","24","2"
"05242025","2025-05-24","2025","5","24","2"
"05252023","2023-05-25","2023","5","25","2"
"05252024","2024-05-25","2024","5","25","2"
"05252025","2025-05-25","2025","5","25","2"
"05262023","2023-05-26","2023","5","26","2"
"05262024","2024-05-26","2024","5","26","2"
"05262025","2025-05-26","2025","5","26","2"
"05272023","2023-05-27","2023","5","27","2"
"05272024","2024-05-27","2024","5","27","2"
"05272025","2025-05-27","2025","5","27","2"
"05282023","2023-05-28","2023","5","28","2"
"05282024","2024-05-28","2024","5","28","2"
"05282025","2025-05-28","2025","5","28","2"
"05292023","2023-05-29","2023","5","29","2"
"05292024","2024-05-29","2024","5","29","2"
"05292025","2025-05-29","2025","5","29","2"
"05302023","2023-05-30","2023","5","30","2"
"05302024","2024-05-30","2024","5","30","2"
"05302025","2025-05-30","2025","5","30","2"
"05312023","2023-05-31","2023","5","31","2"
"05312024","2024-05-31","2024","5","31","2"
"05312025","2025-05-31","2025","5","31","2"
"06012023","2023-06-01","2023","6","1","2"
"06012024","2024-06-01","2024","6","1","2"
"06012025","2025-06-01","2025","6","1","2"
"06022023","2023-06-02","2023","6","2","2"
"06022024","2024-06-02","2024","6","2","2"
"06022025","2025-06-02","2025","6","2","2"
"06032023","2023-06-03","2023","6","3","2"
"06032024","2024-06-03","2024","6","3","2"
"06032025","2025-06-03","2025","6","3","2"
"06042023","2023-06-04","2023","6","4","2"
"06042024","2024-06-04","2024","6","4","2"
"06042025","2025-06-04","2025","6","4","2"
"06052023","2023-06-05","2023","6","5","2"
"06052024","2024-06-05","2024","6","5","2"
"06052025","2025-06-05","2025","6","5","2"
"06062023","2023-06-06","2023","6","6","2"
"06062024","2024-06-06","2024","6","6","2"
"06062025","2025-06-06","2025","6","6","2"
"06072023","2023-06-07","2023","6","7","2"
"06072024","2024-06-07","2024","6","7","2"
"06072025","2025-06-07","2025","6","7","2"
"06082023","2023-06-08","2023","6","8","2"
"06082024","2024-06-08","2024","6","8","2"
"06082025","2025-06-08","2025","6","8","2"
"06092023","2023-06-09","2023","6","9","2"
"06092024","2024-06-09","2024","6","9","2"
"06092025","2025-06-09","2025","6","9","2"
"06102023","2023-06-10","2023","6","10","2"
"06102024","2024-06-10","2024","6","10","2"
"06102025","2025-06-10","2025","6","10","2"
"06112023","2023-06-11","2023","6","11","2"
"06112024","2024-06-11","2024","6","11","2"
"06112025","2025-06-11","2025","6","11","2"
"06122023","2023-06-12","2023","6","12","2"
"06122024","2024-06-12","2024","6","12","2"
"06122025","2025-06-12","2025","6","12","2"
"06132023","2023-06-13","2023","6","13","2"
"06132024","2024-06-13","2024","6","13","2"
"06132025","2025-06-13","2025","6","13","2"
"06142023","2023-06-14","2023","6","14","2"
"06142024","2024-06-14","2024","6","14","2"
"06142025","2025-06-14","2025","6","14","2"
"06152023","2023-06-15","2023","6","15","2"
"06152024","2024-06-15","2024","6","15","2"
"06152025","2025-06-15","2025","6","15","2"
"06162023","2023-06-16","2023","6","16","2"
"06162024","2024-06-16","2024","6","16","2"
"06162025","2025-06-16","2025","6","16","2"
"06172023","2023-06-17","2023","6","17","2"
"06172024","2024-06-17","2024","6","17","2"
"06172025","2025-06-17","2025","6","17","2"
"06182023","2023-06-18","2023","6","18","2"
"06182024","2024-06-18","2024","6","18","2"
"06182025","2025-06-18","2025","6","18","2"
"06192023","2023-06-19","2023","6","19","2"
"06192024","2024-06-19","2024","6","19","2"
"06192025","2025-06-19","2025","6","19","2"
"06202023","2023-06-20","2023","6","20","2"
"06202024","2024-06-20","2024","6","20","2"
"06202025","2025-06-20","2025","6","20","2"
"06212023","2023-06-21","2023","6","21","2"
"06212024","2024-06-21","2024","6","21","2"
"06212025","2025-06-21","2025","6","21","2"
"06222023","2023-06-22","2023","6","22","2"
"06222024","2024-06-22","2024","6","22","2"
"06222025","2025-06-22","2025","6","22","2"
"06232023","2023-06-23","2023","6","23","2"
"06232024","2024-06-23","2024","6","23","2"
"06232025","2025-06-23","2025","6","23","2"
"06242023","2023-06-24","2023","6","24","2"
"06242024","2024-06-24","2024","6","24","2"
"06242025","2025-06-24","2025","6","24","2"
"06252023","2023-06-25","2023","6","25","2"
"06252024","2024-06-25","2024","6","25","2"
"06252025","2025-06-25","2025","6","25","2"
"06262023","2023-06-26","2023","6","26","2"
"06262024","2024-06-26","2024","6","26","2"
"06262025","2025-06-26","2025","6","26","2"
"06272023","2023-06-27","2023","6","27","2"
"06272024","2024-06-27","2024","6","27","2"
"06272025","2025-06-27","2025","6","27","2"
"06282023","2023-06-28","2023","6","28","2"
"06282024","2024-06-28","2024","6","28","2"
"06282025","2025-06-28","2025","6","28","2"
"06292023","2023-06-29","2023","6","29","2"
"06292024","2024-06-29","2024","6","29","2"
"06292025","2025-06-29","2025","6","29","2"
"06302023","2023-06-30","2023","6","30","2"
"06302024","2024-06-30","2024","6","30","2"
"06302025","2025-06-30","2025","6","30","2"
"07012023","2023-07-01","2023","7","1","3"
"07012024","2024-07-01","2024","7","1","3"
"07012025","2025-07-01","2025","7","1","3"
"07022023","2023-07-02","2023","7","2","3"
"07022024","2024-07-02","2024","7","2","3"
"07022025","2025-07-02","2025","7","2","3"
"07032023","2023-07-03","2023","7","3","3"
"07032024","2024-07-03","2024","7","3","3"
"07032025","2025-07-03","2025","7","3","3"
"07042023","2023-07-04","2023","7","4","3"
"07042024","2024-07-04","2024","7","4","3"
"07042025","2025-07-04","2025","7","4","3"
"07052023","2023-07-05","2023","7","5","3"
"07052024","2024-07-05","2024","7","5","3"
"07052025","2025-07-05","2025","7","5","3"
"07062023","2023-07-06","2023","7","6","3"
"07062024","2024-07-06","2024","7","6","3"
"07062025","2025-07-06","2025","7","6","3"
"07072023","2023-07-07","2023","7","7","3"
"07072024","2024-07-07","2024","7","7","3"
"07072025","2025-07-07","2025","7","7","3"
"07082023","2023-07-08","2023","7","8","3"
"07082024","2024-07-08","2024","7","8","3"
"07082025","2025-07-08","2025","7","8","3"
"07092023","2023-07-09","2023","7","9","3"
"07092024","2024-07-09","2024","7","9","3"
"07092025","2025-07-09","2025","7","9","3"
"07102023","2023-07-10","2023","7","10","3"
"07102024","2024-07-10","2024","7","10","3"
"07102025","2025-07-10","2025","7","10","3"
"07112023","2023-07-11","2023","7","11","3"
"07112024","2024-07-11","2024","7","11","3"
"07112025","2025-07-11","2025","7","11","3"
"07122023","2023-07-12","2023","7","12","3"
"07122024","2024-07-12","2024","7","12","3"
"07122025","2025-07-12","2025","7","12","3"
"07132023","2023-07-13","2023","7","13","3"
"07132024","2024-07-13","2024","7","13","3"
"07132025","2025-07-13","2025","7","13","3"
"07142023","2023-07-14","2023","7","14","3"
"07142024","2024-07-14","2024","7","14","3"
"07142025","2025-07-14","2025","7","14","3"
"07152023","2023-07-15","2023","7","15","3"
"07152024","2024-07-15","2024","7","15","3"
"07152025","2025-07-15","2025","7","15","3"
"07162023","2023-07-16","2023","7","16","3"
"07162024","2024-07-16","2024","7","16","3"
"07162025","2025-07-16","2025","7","16","3"
"07172023","2023-07-17","2023","7","17","3"
"07172024","2024-07-17","2024","7","17","3"
"07172025","2025-07-17","2025","7","17","3"
"07182023","2023-07-18","2023","7","18","3"
"07182024","2024-07-18","2024","7","18","3"
"07182025","2025-07-18","2025","7","18","3"
"07192023","2023-07-19","2023","7","19","3"
"07192024","2024-07-19","2024","7","19","3"
"07192025","2025-07-19","2025","7","19","3"
"07202023","2023-07-20","2023","7","20","3"
"07202024","2024-07-20","2024","7","20","3"
"07202025","2025-07-20","2025","7","20","3"
"07212023","2023-07-21","2023","7","21","3"
"07212024","2024-07-21","2024","7","21","3"
"07212025","2025-07-21","2025","7","21","3"
"07222023","2023-07-22","2023","7","22","3"
"07222024","2024-07-22","2024","7","22","3"
"07222025","2025-07-22","2025","7","22","3"
"07232023","2023-07-23","2023","7","23","3"
"07232024","2024-07-23","2024","7","23","3"
"07232025","2025-07-23","2025","7","23","3"
"07242023","2023-07-24","2023","7","24","3"
"07242024","2024-07-24","2024","7","24","3"
"07242025","2025-07-24","2025","7","24","3"
"07252023","2023-07-25","2023","7","25","3"
"07252024","2024-07-25","2024","7","25","3"
"07252025","2025-07-25","2025","7","25","3"
"07262023","2023-07-26","2023","7","26","3"
"07262024","2024-07-26","2024","7","26","3"
"07262025","2025-07-26","2025","7","26","3"
"07272023","2023-07-27","2023","7","27","3"
"07272024","2024-07-27","2024","7","27","3"
"07272025","2025-07-27","2025","7","27","3"
"07282023","2023-07-28","2023","7","28","3"
"07282024","2024-07-28","2024","7","28","3"
"07282025","2025-07-28","2025","7","28","3"
"07292023","2023-07-29","2023","7","29","3"
"07292024","2024-07-29","2024","7","29","3"
"07292025","2025-07-29","2025","7","29","3"
"07302023","2023-07-30","2023","7","30","3"
"07302024","2024-07-30","2024","7","30","3"
"07302025","2025-07-30","2025","7","30","3"
"07312023","2023-07-31","2023","7","31","3"
"07312024","2024-07-31","2024","7","31","3"
"07312025","2025-07-31","2025","7","31","3"
"08012023","2023-08-01","2023","8","1","3"
"08012024","2024-08-01","2024","8","1","3"
"08012025","2025-08-01","2025","8","1","3"
"08022023","2023-08-02","2023","8","2","3"
"08022024","2024-08-02","2024","8","2","3"
"08022025","2025-08-02","2025","8","2","3"
"08032023","2023-08-03","2023","8","3","3"
"08032024","2024-08-03","2024","8","3","3"
"08032025","2025-08-03","2025","8","3","3"
"08042023","2023-08-04","2023","8","4","3"
"08042024","2024-08-04","2024","8","4","3"
"08042025","2025-08-04","2025","8","4","3"
"08052023","2023-08-05","2023","8","5","3"
"08052024","2024-08-05","2024","8","5","3"
"08052025","2025-08-05","2025","8","5","3"
"08062023","2023-08-06","2023","8","6","3"
"08062024","2024-08-06","2024","8","6","3"
"08062025","2025-08-06","2025","8","6","3"
"08072023","2023-08-07","2023","8","7","3"
"08072024","2024-08-07","2024","8","7","3"
"08072025","2025-08-07","2025","8","7","3"
"08082023","2023-08-08","2023","8","8","3"
"08082024","2024-08-08","2024","8","8","3"
"08082025","2025-08-08","2025","8","8","3"
"08092023","2023-08-09","2023","8","9","3"
"08092024","2024-08-09","2024","8","9","3"
"08092025","2025-08-09","2025","8","9","3"
"08102023","2023-08-10","2023","8","10","3"
"08102024","2024-08-10","2024","8","10","3"
"08102025","2025-08-10","2025","8","10","3"
"08112023","2023-08-11","2023","8","11","3"
"08112024","2024-08-11","2024","8","11","3"
"08112025","2025-08-11","2025","8","11","3"
"08122023","2023-08-12","2023","8","12","3"
"08122024","2024-08-12","2024","8","12","3"
"08122025","2025-08-12","2025","8","12","3"
"08132023","2023-08-13","2023","8","13","3"
"08132024","2024-08-13","2024","8","13","3"
"08132025","2025-08-13","2025","8","13","3"
"08142023","2023-08-14","2023","8","14","3"
"08142024","2024-08-14","2024","8","14","3"
"08142025","2025-08-14","2025","8","14","3"
"08152023","2023-08-15","2023","8","15","3"
"08152024","2024-08-15","2024","8","15","3"
"08152025","2025-08-15","2025","8","15","3"
"08162023","2023-08-16","2023","8","16","3"
"08162024","2024-08-16","2024","8","16","3"
"08162025","2025-08-16","2025","8","16","3"
"08172023","2023-08-17","2023","8","17","3"
"08172024","2024-08-17","2024","8","17","3"
"08172025","2025-08-17","2025","8","17","3"
"08182023","2023-08-18","2023","8","18","3"
"08182024","2024-08-18","2024","8","18","3"
"08182025","2025-08-18","2025","8","18","3"
"08192023","2023-08-19","2023","8","19","3"
"08192024","2024-08-19","2024","8","19","3"
"08192025","2025-08-19","2025","8","19","3"
"08202023","2023-08-20","2023","8","20","3"
"08202024","2024-08-20","2024","8","20","3"
"08202025","2025-08-20","2025","8","20","3"
"08212023","2023-08-21","2023","8","21","3"
"08212024","2024-08-21","2024","8","21","3"
"08212025","2025-08-21","2025","8","21","3"
"08222023","2023-08-22","2023","8","22","3"
"08222024","2024-08-22","2024","8","22","3"
"08222025","2025-08-22","2025","8","22","3"
"08232023","2023-08-23","2023","8","23","3"
"08232024","2024-08-23","2024","8","23","3"
"08232025","2025-08-23","2025","8","23","3"
"08242023","2023-08-24","2023","8","24","3"
"08242024","2024-08-24","2024","8","24","3"
"08242025","2025-08-24","2025","8","24","3"
"08252023","2023-08-25","2023","8","25","3"
"08252024","2024-08-25","2024","8","25","3"
"08252025","2025-08-25","2025","8","25","3"
"08262023","2023-08-26","2023","8","26","3"
"08262024","2024-08-26","2024","8","26","3"
"08262025","2025-08-26","2025","8","26","3"
"08272023","2023-08-27","2023","8","27","3"
"08272024","2024-08-27","2024","8","27","3"
"08272025","2025-08-27","2025","8","27","3"
"08282023","2023-08-28","2023","8","28","3"
"08282024","2024-08-28","2024","8","28","3"
"08282025","2025-08-28","2025","8","28","3"
"08292023","2023-08-29","2023","8","29","3"
"08292024","2024-08-29","2024","8","29","3"
"08292025","2025-08-29","2025","8","29","3"
"08302023","2023-08-30","2023","8","30","3"
"08302024","2024-08-30","2024","8","30","3"
"08302025","2025-08-30","2025","8","30","3"
"08312023","2023-08-31","2023","8","31","3"
"08312024","2024-08-31","2024","8","31","3"
"08312025","2025-08-31","2025","8","31","3"
"09012023","2023-09-01","2023","9","1","3"
"09012024","2024-09-01","2024","9","1","3"
"09012025","2025-09-01","2025","9","1","3"
"09022023","2023-09-02","2023","9","2","3"
"09022024","2024-09-02","2024","9","2","3"
"09022025","2025-09-02","2025","9","2","3"
"09032023","2023-09-03","2023","9","3","3"
"09032024","2024-09-03","2024","9","3","3"
"09032025","2025-09-03","2025","9","3","3"
"09042023","2023-09-04","2023","9","4","3"
"09042024","2024-09-04","2024","9","4","3"
"09042025","2025-09-04","2025","9","4","3"
"09052023","2023-09-05","2023","9","5","3"
"09052024","2024-09-05","2024","9","5","3"
"09052025","2025-09-05","2025","9","5","3"
"09062023","2023-09-06","2023","9","6","3"
"09062024","2024-09-06","2024","9","6","3"
"09062025","2025-09-06","2025","9","6","3"
"09072023","2023-09-07","2023","9","7","3"
"09072024","2024-09-07","2024","9","7","3"
"09072025","2025-09-07","2025","9","7","3"
"09082023","2023-09-08","2023","9","8","3"
"09082024","2024-09-08","2024","9","8","3"
"09082025","2025-09-08","2025","9","8","3"
"09092023","2023-09-09","2023","9","9","3"
"09092024","2024-09-09","2024","9","9","3"
"09092025","2025-09-09","2025","9","9","3"
"09102023","2023-09-10","2023","9","10","3"
"09102024","2024-09-10","2024","9","10","3"
"09102025","2025-09-10","2025","9","10","3"
"09112023","2023-09-11","2023","9","11","3"
"09112024","2024-09-11","2024","9","11","3"
"09112025","2025-09-11","2025","9","11","3"
"09122023","2023-09-12","2023","9","12","3"
"09122024","2024-09-12","2024","9","12","3"
"09122025","2025-09-12","2025","9","12","3"
"09132023","2023-09-13","2023","9","13","3"
"09132024","2024-09-13","2024","9","13","3"
"09132025","2025-09-13","2025","9","13","3"
"09142023","2023-09-14","2023","9","14","3"
"09142024","2024-09-14","2024","9","14","3"
"09142025","2025-09-14","2025","9","14","3"
"09152023","2023-09-15","2023","9","15","3"
"09152024","2024-09-15","2024","9","15","3"
"09152025","2025-09-15","2025","9","15","3"
"09162023","2023-09-16","2023","9","16","3"
"09162024","2024-09-16","2024","9","16","3"
"09162025","2025-09-16","2025","9","16","3"
"09172023","2023-09-17","2023","9","17","3"
"09172024","2024-09-17","2024","9","17","3"
"09172025","2025-09-17","2025","9","17","3"
"09182023","2023-09-18","2023","9","18","3"
"09182024","2024-09-18","2024","9","18","3"
"09182025","2025-09-18","2025","9","18","3"
"09192023","2023-09-19","2023","9","19","3"
"09192024","2024-09-19","2024","9","19","3"
"09192025","2025-09-19","2025","9","19","3"
"09202023","2023-09-20","2023","9","20","3"
"09202024","2024-09-20","2024","9","20","3"
"09202025","2025-09-20","2025","9","20","3"
"09212023","2023-09-21","2023","9","21","3"
"09212024","2024-09-21","2024","9","21","3"
"09212025","2025-09-21","2025","9","21","3"
"09222023","2023-09-22","2023","9","22","3"
"09222024","2024-09-22","2024","9","22","3"
"09222025","2025-09-22","2025","9","22","3"
"09232023","2023-09-23","2023","9","23","3"
"09232024","2024-09-23","2024","9","23","3"
"09232025","2025-09-23","2025","9","23","3"
"09242023","2023-09-24","2023","9","24","3"
"09242024","2024-09-24","2024","9","24","3"
"09242025","2025-09-24","2025","9","24","3"
"09252023","2023-09-25","2023","9","25","3"
"09252024","2024-09-25","2024","9","25","3"
"09252025","2025-09-25","2025","9","25","3"
"09262023","2023-09-26","2023","9","26","3"
"09262024","2024-09-26","2024","9","26","3"
"09262025","2025-09-26","2025","9","26","3"
"09272023","2023-09-27","2023","9","27","3"
"09272024","2024-09-27","2024","9","27","3"
"09272025","2025-09-27","2025","9","27","3"
"09282023","2023-09-28","2023","9","28","3"
"09282024","2024-09-28","2024","9","28","3"
"09282025","2025-09-28","2025","9","28","3"
"09292023","2023-09-29","2023","9","29","3"
"09292024","2024-09-29","2024","9","29","3"
"09292025","2025-09-29","2025","9","29","3"
"09302023","2023-09-30","2023","9","30","3"
"09302024","2024-09-30","2024","9","30","3"
"09302025","2025-09-30","2025","9","30","3"
"10012023","2023-10-01","2023","10","1","4"
"10012024","2024-10-01","2024","10","1","4"
"10012025","2025-10-01","2025","10","1","4"
"10022023","2023-10-02","2023","10","2","4"
"10022024","2024-10-02","2024","10","2","4"
"10022025","2025-10-02","2025","10","2","4"
"10032023","2023-10-03","2023","10","3","4"
"10032024","2024-10-03","2024","10","3","4"
"10032025","2025-10-03","2025","10","3","4"
"10042023","2023-10-04","2023","10","4","4"
"10042024","2024-10-04","2024","10","4","4"
"10042025","2025-10-04","2025","10","4","4"
"10052023","2023-10-05","2023","10","5","4"
"10052024","2024-10-05","2024","10","5","4"
"10052025","2025-10-05","2025","10","5","4"
"10062023","2023-10-06","2023","10","6","4"
"10062024","2024-10-06","2024","10","6","4"
"10062025","2025-10-06","2025","10","6","4"
"10072023","2023-10-07","2023","10","7","4"
"10072024","2024-10-07","2024","10","7","4"
"10072025","2025-10-07","2025","10","7","4"
"10082023","2023-10-08","2023","10","8","4"
"10082024","2024-10-08","2024","10","8","4"
"10082025","2025-10-08","2025","10","8","4"
"10092023","2023-10-09","2023","10","9","4"
"10092024","2024-10-09","2024","10","9","4"
"10092025","2025-10-09","2025","10","9","4"
"10102023","2023-10-10","2023","10","10","4"
"10102024","2024-10-10","2024","10","10","4"
"10102025","2025-10-10","2025","10","10","4"
"10112023","2023-10-11","2023","10","11","4"
"10112024","2024-10-11","2024","10","11","4"
"10112025","2025-10-11","2025","10","11","4"
"10122023","2023-10-12","2023","10","12","4"
"10122024","2024-10-12","2024","10","12","4"
"10122025","2025-10-12","2025","10","12","4"
"10132023","2023-10-13","2023","10","13","4"
"10132024","2024-10-13","2024","10","13","4"
"10132025","2025-10-13","2025","10","13","4"
"10142023","2023-10-14","2023","10","14","4"
"10142024","2024-10-14","2024","10","14","4"
"10142025","2025-10-14","2025","10","14","4"
"10152023","2023-10-15","2023","10","15","4"
"10152024","2024-10-15","2024","10","15","4"
"10152025","2025-10-15","2025","10","15","4"
"10162023","2023-10-16","2023","10","16","4"
"10162024","2024-10-16","2024","10","16","4"
"10162025","2025-10-16","2025","10","16","4"
"10172023","2023-10-17","2023","10","17","4"
"10172024","2024-10-17","2024","10","17","4"
"10172025","2025-10-17","2025","10","17","4"
"10182023","2023-10-18","2023","10","18","4"
"10182024","2024-10-18","2024","10","18","4"
"10182025","2025-10-18","2025","10","18","4"
"10192023","2023-10-19","2023","10","19","4"
"10192024","2024-10-19","2024","10","19","4"
"10192025","2025-10-19","2025","10","19","4"
"10202023","2023-10-20","2023","10","20","4"
"10202024","2024-10-20","2024","10","20","4"
"10202025","2025-10-20","2025","10","20","4"
"10212023","2023-10-21","2023","10","21","4"
"10212024","2024-10-21","2024","10","21","4"
"10212025","2025-10-21","2025","10","21","4"
"10222023","2023-10-22","2023","10","22","4"
"10222024","2024-10-22","2024","10","22","4"
"10222025","2025-10-22","2025","10","22","4"
"10232023","2023-10-23","2023","10","23","4"
"10232024","2024-10-23","2024","10","23","4"
"10232025","2025-10-23","2025","10","23","4"
"10242023","2023-10-24","2023","10","24","4"
"10242024","2024-10-24","2024","10","24","4"
"10242025","2025-10-24","2025","10","24","4"
"10252023","2023-10-25","2023","10","25","4"
"10252024","2024-10-25","2024","10","25","4"
"10252025","2025-10-25","2025","10","25","4"
"10262023","2023-10-26","2023","10","26","4"
"10262024","2024-10-26","2024","10","26","4"
"10262025","2025-10-26","2025","10","26","4"
"10272023","2023-10-27","2023","10","27","4"
"10272024","2024-10-27","2024","10","27","4"
"10272025","2025-10-27","2025","10","27","4"
"10282023","2023-10-28","2023","10","28","4"
"10282024","2024-10-28","2024","10","28","4"
"10282025","2025-10-28","2025","10","28","4"
"10292023","2023-10-29","2023","10","29","4"
"10292024","2024-10-29","2024","10","29","4"
"10292025","2025-10-29","2025","10","29","4"
"10302023","2023-10-30","2023","10","30","4"
"10302024","2024-10-30","2024","10","30","4"
"10302025","2025-10-30","2025","10","30","4"
"10312023","2023-10-31","2023","10","31","4"
"10312024","2024-10-31","2024","10","31","4"
"10312025","2025-10-31","2025","10","31","4"
"11012023","2023-11-01","2023","11","1","4"
"11012024","2024-11-01","2024","11","1","4"
"11012025","2025-11-01","2025","11","1","4"
"11022023","2023-11-02","2023","11","2","4"
"11022024","2024-11-02","2024","11","2","4"
"11022025","2025-11-02","2025","11","2","4"
"11032023","2023-11-03","2023","11","3","4"
"11032024","2024-11-03","2024","11","3","4"
"11032025","2025-11-03","2025","11","3","4"
"11042023","2023-11-04","2023","11","4","4"
"11042024","2024-11-04","2024","11","4","4"
"11042025","2025-11-04","2025","11","4","4"
"11052023","2023-11-05","2023","11","5","4"
"11052024","2024-11-05","2024","11","5","4"
"11052025","2025-11-05","2025","11","5","4"
"11062023","2023-11-06","2023","11","6","4"
"11062024","2024-11-06","2024","11","6","4"
"11062025","2025-11-06","2025","11","6","4"
"11072023","2023-11-07","2023","11","7","4"
"11072024","2024-11-07","2024","11","7","4"
"11072025","2025-11-07","2025","11","7","4"
"11082023","2023-11-08","2023","11","8","4"
"11082024","2024-11-08","2024","11","8","4"
"11082025","2025-11-08","2025","11","8","4"
"11092023","2023-11-09","2023","11","9","4"
"11092024","2024-11-09","2024","11","9","4"
"11092025","2025-11-09","2025","11","9","4"
"11102023","2023-11-10","2023","11","10","4"
"11102024","2024-11-10","2024","11","10","4"
"11102025","2025-11-10","2025","11","10","4"
"11112023","2023-11-11","2023","11","11","4"
"11112024","2024-11-11","2024","11","11","4"
"11112025","2025-11-11","2025","11","11","4"
"11122023","2023-11-12","2023","11","12","4"
"11122024","2024-11-12","2024","11","12","4"
"11122025","2025-11-12","2025","11","12","4"
"11132023","2023-11-13","2023","11","13","4"
"11132024","2024-11-13","2024","11","13","4"
"11132025","2025-11-13","2025","11","13","4"
"11142023","2023-11-14","2023","11","14","4"
"11142024","2024-11-14","2024","11","14","4"
"11142025","2025-11-14","2025","11","14","4"
"11152023","2023-11-15","2023","11","15","4"
"11152024","2024-11-15","2024","11","15","4"
"11152025","2025-11-15","2025","11","15","4"
"11162023","2023-11-16","2023","11","16","4"
"11162024","2024-11-16","2024","11","16","4"
"11162025","2025-11-16","2025","11","16","4"
"11172023","2023-11-17","2023","11","17","4"
"11172024","2024-11-17","2024","11","17","4"
"11172025","2025-11-17","2025","11","17","4"
"11182023","2023-11-18","2023","11","18","4"
"11182024","2024-11-18","2024","11","18","4"
"11182025","2025-11-18","2025","11","18","4"
"11192023","2023-11-19","2023","11","19","4"
"11192024","2024-11-19","2024","11","19","4"
"11192025","2025-11-19","2025","11","19","4"
"11202023","2023-11-20","2023","11","20","4"
"11202024","2024-11-20","2024","11","20","4"
"11202025","2025-11-20","2025","11","20","4"
"11212023","2023-11-21","2023","11","21","4"
"11212024","2024-11-21","2024","11","21","4"
"11212025","2025-11-21","2025","11","21","4"
"11222023","2023-11-22","2023","11","22","4"
"11222024","2024-11-22","2024","11","22","4"
"11222025","2025-11-22","2025","11","22","4"
"11232023","2023-11-23","2023","11","23","4"
"11232024","2024-11-23","2024","11","23","4"
"11232025","2025-11-23","2025","11","23","4"
"11242023","2023-11-24","2023","11","24","4"
"11242024","2024-11-24","2024","11","24","4"
"11242025","2025-11-24","2025","11","24","4"
"11252023","2023-11-25","2023","11","25","4"
"11252024","2024-11-25","2024","11","25","4"
"11252025","2025-11-25","2025","11","25","4"
"11262023","2023-11-26","2023","11","26","4"
"11262024","2024-11-26","2024","11","26","4"
"11262025","2025-11-26","2025","11","26","4"
"11272023","2023-11-27","2023","11","27","4"
"11272024","2024-11-27","2024","11","27","4"
"11272025","2025-11-27","2025","11","27","4"
"11282023","2023-11-28","2023","11","28","4"
"11282024","2024-11-28","2024","11","28","4"
"11282025","2025-11-28","2025","11","28","4"
"11292023","2023-11-29","2023","11","29","4"
"11292024","2024-11-29","2024","11","29","4"
"11292025","2025-11-29","2025","11","29","4"
"11302023","2023-11-30","2023","11","30","4"
"11302024","2024-11-30","2024","11","30","4"
"11302025","2025-11-30","2025","11","30","4"
"12012023","2023-12-01","2023","12","1","4"
"12012024","2024-12-01","2024","12","1","4"
"12012025","2025-12-01","2025","12","1","4"
"12022023","2023-12-02","2023","12","2","4"
"12022024","2024-12-02","2024","12","2","4"
"12022025","2025-12-02","2025","12","2","4"
"12032023","2023-12-03","2023","12","3","4"
"12032024","2024-12-03","2024","12","3","4"
"12032025","2025-12-03","2025","12","3","4"
"12042023","2023-12-04","2023","12","4","4"
"12042024","2024-12-04","2024","12","4","4"
"12042025","2025-12-04","2025","12","4","4"
"12052023","2023-12-05","2023","12","5","4"
"12052024","2024-12-05","2024","12","5","4"
"12052025","2025-12-05","2025","12","5","4"
"12062023","2023-12-06","2023","12","6","4"
"12062024","2024-12-06","2024","12","6","4"
"12062025","2025-12-06","2025","12","6","4"
"12072023","2023-12-07","2023","12","7","4"
"12072024","2024-12-07","2024","12","7","4"
"12072025","2025-12-07","2025","12","7","4"
"12082023","2023-12-08","2023","12","8","4"
"12082024","2024-12-08","2024","12","8","4"
"12082025","2025-12-08","2025","12","8","4"
"12092023","2023-12-09","2023","12","9","4"
"12092024","2024-12-09","2024","12","9","4"
"12092025","2025-12-09","2025","12","9","4"
"12102023","2023-12-10","2023","12","10","4"
"12102024","2024-12-10","2024","12","10","4"
"12102025","2025-12-10","2025","12","10","4"
"12112023","2023-12-11","2023","12","11","4"
"12112024","2024-12-11","2024","12","11","4"
"12112025","2025-12-11","2025","12","11","4"
"12122023","2023-12-12","2023","12","12","4"
"12122024","2024-12-12","2024","12","12","4"
"12122025","2025-12-12","2025","12","12","4"
"12132023","2023-12-13","2023","12","13","4"
"12132024","2024-12-13","2024","12","13","4"
"12132025","2025-12-13","2025","12","13","4"
"12142023","2023-12-14","2023","12","14","4"
"12142024","2024-12-14","2024","12","14","4"
"12142025","2025-12-14","2025","12","14","4"
"12152023","2023-12-15","2023","12","15","4"
"12152024","2024-12-15","2024","12","15","4"
"12152025","2025-12-15","2025","12","15","4"
"12162023","2023-12-16","2023","12","16","4"
"12162024","2024-12-16","2024","12","16","4"
"12162025","2025-12-16","2025","12","16","4"
"12172023","2023-12-17","2023","12","17","4"
"12172024","2024-12-17","2024","12","17","4"
"12172025","2025-12-17","2025","12","17","4"
"12182023","2023-12-18","2023","12","18","4"
"12182024","2024-12-18","2024","12","18","4"
"12182025","2025-12-18","2025","12","18","4"
"12192023","2023-12-19","2023","12","19","4"
"12192024","2024-12-19","2024","12","19","4"
"12192025","2025-12-19","2025","12","19","4"
"12202023","2023-12-20","2023","12","20","4"
"12202024","2024-12-20","2024","12","20","4"
"12202025","2025-12-20","2025","12","20","4"
"12212023","2023-12-21","2023","12","21","4"
"12212024","2024-12-21","2024","12","21","4"
"12212025","2025-12-21","2025","12","21","4"
"12222023","2023-12-22","2023","12","22","4"
"12222024","2024-12-22","2024","12","22","4"
"12222025","2025-12-22","2025","12","22","4"
"12232023","2023-12-23","2023","12","23","4"
"12232024","2024-12-23","2024","12","23","4"
"12232025","2025-12-23","2025","12","23","4"
"12242023","2023-12-24","2023","12","24","4"
"12242024","2024-12-24","2024","12","24","4"
"12242025","2025-12-24","2025","12","24","4"
"12252023","2023-12-25","2023","12","25","4"
"12252024","2024-12-25","2024","12","25","4"
"12252025","2025-12-25","2025","12","25","4"
"12262023","2023-12-26","2023","12","26","4"
"12262024","2024-12-26","2024","12","26","4"
"12262025","2025-12-26","2025","12","26","4"
"12272023","2023-12-27","2023","12","27","4"
"12272024","2024-12-27","2024","12","27","4"
"12272025","2025-12-27","2025","12","27","4"
"12282023","2023-12-28","2023","12","28","4"
"12282024","2024-12-28","2024","12","28","4"
"12282025","2025-12-28","2025","12","28","4"
"12292023","2023-12-29","2023","12","29","4"
"12292024","2024-12-29","2024","12","29","4"
"12292025","2025-12-29","2025","12","29","4"
"12302023","2023-12-30","2023","12","30","4"
"12302024","2024-12-30","2024","12","30","4"
"12302025","2025-12-30","2025","12","30","4"
"12312023","2023-12-31","2023","12","31","4"
"12312024","2024-12-31","2024","12","31","4"
"12312025","2025-12-31","2025","12","31","4"
