"id_produk","id_supplier","id_gudang","key_tgl_terima","key_tgl_order","key_tgl_kadaluwarsa","jumlah_stok","level_reorder","jumlah_reorder","volume_penjualan","rasio_perputaran","estimasi_nilai_stok"
"29-017-6255","43-348-2450","1","03012024","01062025","01312025","46","64","17","96","55","0"
"79-569-8856","04-854-7165","2","04012024","05192024","06112024","51","87","86","24","83","0"
"28-146-2641","82-995-0739","3","04012024","12212024","04082024","38","67","66","35","24","0"
"11-581-9869","22-867-3079","4","05012024","12122024","09262024","51","60","98","44","95","0"
"13-202-4809","24-281-7685","5","05012024","07282024","05202024","27","22","89","91","77","0"
"70-145-2550","75-849-4524","6","05012024","08072024","08062024","91","6","37","38","70","0"
"10-626-8536","23-274-3305","7","05012024","01292025","03302024","17","85","74","76","89","0"
"42-879-9478","00-900-0119","8","06012024","02232025","08222024","81","22","20","95","77","0"
"82-380-5378","96-353-3049","9","06012024","06032024","03072024","78","24","31","60","41","0"
"23-265-8144","31-524-1628","10","06012024","11092024","10252024","55","50","56","62","26","0"
"62-393-9939","93-877-9384","11","06012024","06022024","10052024","60","9","89","95","63","0"
"90-343-9640","54-919-9424","12","07012024","04062024","10062024","53","89","100","22","83","0"
"36-899-5324","02-656-3112","13","08012024","07052024","12192024","94","58","17","57","74","0"
"41-538-3129","91-589-9007","14","09012024","03172024","07312024","77","79","65","62","75","0"
"47-843-8207","55-838-9088","15","09012024","04102024","12272024","34","92","26","28","71","0"
"94-071-2261","25-706-2146","16","09012024","03022024","03302024","79","37","98","33","20","0"
"12-998-3882","06-151-9076","17","10012024","08172024","05262024","76","54","76","69","27","0"
"36-127-4273","05-719-6858","18","10012024","07032024","07312024","50","46","38","88","70","0"
"13-144-2169","11-742-5033","19","10012024","12012024","09072024","25","62","11","57","98","0"
"86-978-6666","43-979-2253","20","10012024","07262024","09152024","38","43","28","34","54","0"
"40-681-9981","54-470-2479","21","11012024","05292024","05082024","45","77","2","85","1","0"
"13-962-6263","26-061-5253","22","12012024","12232024","11182024","49","1","28","97","95","0"
"10-002-6494","47-509-7282","23","03022024","07082024","11112024","89","92","62","46","11","0"
"29-741-8132","49-384-4540","24","03022024","07142024","06032024","47","22","69","26","59","0"
"30-806-3823","36-451-3173","25","03022024","07042024","03062024","53","26","3","100","94","0"
"71-074-6292","42-201-4495","26","04022024","06102024","10172024","65","79","49","100","9","0"
"95-738-4658","67-404-3362","27","04022024","11262024","10302024","90","68","74","81","26","0"
"55-154-4728","33-466-7894","28","04022024","01072025","03292024","65","63","41","28","26","0"
"46-255-3073","68-230-9130","29","05022024","01062025","07112024","30","42","8","48","23","0"
"95-640-0293","43-575-2151","30","05022024","11022024","02072025","34","32","22","42","27","0"
"45-250-4679","80-328-4990","31","05022024","11232024","07052024","54","78","81","41","63","0"
"03-833-3577","87-032-6971","32","05022024","08202024","10162024","67","14","25","81","77","0"
"08-961-3009","41-825-5869","33","06022024","12192024","09082024","50","14","6","60","72","0"
"20-405-4865","16-019-7101","34","06022024","11052024","09182024","13","39","98","46","46","0"
"49-377-9731","56-823-5908","35","06022024","10032024","04192024","18","8","68","54","45","0"
"39-810-2042","65-620-9866","36","06022024","01252025","09052024","24","2","49","98","82","0"
"53-805-9523","99-864-0256","37","07022024","03192024","05142024","40","30","65","54","29","0"
"14-305-5348","71-092-6845","38","08022024","10122024","03202024","53","63","2","56","95","0"
"51-459-5630","29-567-3732","39","08022024","09292024","12142024","11","30","4","84","4","0"
"88-183-5781","49-247-1217","40","08022024","08242024","12272024","17","63","3","93","26","0"
"41-735-9837","35-462-7569","41","08022024","08282024","09012024","14","77","78","32","24","0"
"88-977-0175","58-087-3463","42","08022024","03212024","07192024","100","1","26","47","79","0"
"66-327-2821","82-525-7224","43","08022024","04102024","05272024","67","57","36","78","60","0"
"08-114-3922","19-418-7213","44","09022024","02252024","02152025","60","64","36","34","48","0"
"95-090-2788","95-715-6047","45","09022024","04052024","08262024","45","7","58","86","77","0"
"26-690-3784","70-463-6597","46","10022024","10142024","04062024","58","5","1","53","80","0"
"46-753-8430","35-042-9391","47","10022024","11192024","08052024","98","77","7","92","29","0"
"15-905-7750","48-176-1622","48","12022024","01312025","09292024","42","61","52","86","99","0"
"11-891-8213","25-741-5987","49","12022024","12122024","11132024","38","62","47","41","34","0"
"82-811-7988","41-772-9238","50","03032024","06132024","12132024","36","3","54","74","8","0"
"31-746-4951","70-212-0990","51","04032024","05202024","09062024","67","60","21","30","6","1"
"97-300-7511","47-687-2255","52","04032024","07172024","03212024","37","53","61","90","89","1"
"88-304-2855","59-570-2020","53","04032024","01242025","02122025","20","51","33","80","41","0"
"53-008-2419","86-841-6074","54","04032024","04102024","05272024","62","36","96","31","25","0"
"76-340-4432","79-915-4185","55","05032024","03282024","03062024","19","36","72","31","81","0"
"26-010-9519","28-837-4164","56","05032024","11262024","01092025","29","72","96","85","52","-2"
"08-940-8578","37-686-1726","57","05032024","10042024","11222024","34","29","65","90","23","0"
"54-374-9986","33-818-4917","58","06032024","10222024","03212024","92","52","80","72","96","1"
"67-625-9704","13-475-1009","59","06032024","09262024","07182024","33","18","92","98","56","0"
"56-635-6764","20-257-6927","60","06032024","01162025","08052024","12","59","62","75","92","0"
"10-445-0741","82-470-7146","61","06032024","07112024","03312024","83","17","39","33","20","0"
"76-584-4790","58-213-1146","62","06032024","11042024","01012025","21","52","80","49","37","0"
"57-437-1828","54-226-4308","63","07032024","10112024","10052024","37","30","74","62","25","0"
"62-777-6010","40-914-7156","64","07032024","03062024","11052024","77","20","37","42","19","1"
"06-955-3428","54-031-2945","65","08032024","06102024","09222024","30","38","83","31","34","1"
"04-758-0410","56-231-2524","66","08032024","08162024","05022024","26","21","47","40","59","0"
"06-655-5498","89-574-3430","67","08032024","07092024","09282024","72","82","52","51","95","0"
"76-401-7083","29-156-0691","68","09032024","10032024","07312024","59","79","87","47","18","-1"
"30-429-2162","05-100-7102","69","10032024","12062024","01152025","34","96","76","90","34","1"
"49-730-0159","62-766-8232","70","10032024","12102024","08262024","82","3","82","48","31","1"
"31-745-6850","96-215-2767","71","10032024","10242024","11012024","94","90","12","98","71","0"
"69-468-5468","37-099-6976","72","11032024","06102024","11262024","59","78","6","32","3","0"
"68-636-4774","40-436-0171","73","11032024","08302024","02192025","18","50","77","44","19","1"
"21-120-6238","86-292-4587","74","12032024","05262024","09052024","55","33","14","34","62","1"
"92-995-8689","18-682-7828","75","12032024","10172024","03062024","31","65","94","63","7","-1"
"15-045-8444","29-143-2001","76","03042024","07122024","03272024","27","12","93","88","83","1"
"73-567-6194","81-927-7236","77","03042024","12102024","09082024","76","81","85","65","68","0"
"48-242-8445","84-941-3034","78","03042024","06152024","06242024","40","3","5","45","69","0"
"33-507-9886","11-445-3951","79","04042024","08192024","06272024","68","25","16","25","83","-1"
"80-025-6757","49-608-3851","80","04042024","11292024","01012025","59","29","100","74","16","-2"
"36-296-9609","46-041-1131","81","05042024","06242024","12012024","24","35","14","91","71","1"
"56-054-8664","53-247-1844","82","05042024","03252024","03032024","59","82","69","30","34","0"
"64-478-4745","36-780-8625","83","06042024","04202024","11192024","63","81","94","56","2","0"
"67-546-1568","10-038-3988","84","06042024","06162024","03282024","57","36","53","56","32","1"
"10-218-2680","72-024-1595","85","06042024","05282024","01032025","39","93","57","26","44","0"
"46-520-1819","10-762-7936","86","07042024","10042024","05152024","41","36","78","38","75","-1"
"87-791-5803","89-843-0880","87","07042024","03092024","09012024","25","44","96","36","16","-1"
"71-436-5841","87-546-9674","88","07042024","09252024","06252024","87","91","94","47","4","1"
"07-679-1199","75-406-6250","89","07042024","07102024","10152024","20","65","61","51","78","1"
"48-957-8596","40-817-2222","90","09042024","04242024","10182024","95","25","91","87","5","-1"
"20-325-1965","97-155-1262","91","09042024","04042024","05212024","56","75","13","42","53","1"
"51-069-0489","19-978-0708","92","10042024","03302024","05302024","96","83","50","81","89","0"
"17-493-4579","67-541-7091","93","10042024","11082024","05282024","76","8","2","24","53","0"
"46-622-3434","85-473-1534","94","10042024","12082024","07232024","17","19","74","58","27","-1"
"05-899-1428","17-494-5505","95","10042024","01252025","07012024","14","75","10","65","62","1"
"60-632-8752","07-948-8632","96","11042024","04042024","01262025","96","16","48","45","68","0"
"65-854-9364","64-800-4141","97","11042024","12192024","04222024","30","34","96","61","13","-1"
"66-268-8345","32-182-1895","98","12042024","06022024","01082025","91","84","11","56","90","1"
"13-673-7016","78-726-6352","99","12042024","07222024","02232025","47","67","57","36","48","-1"
"20-054-3716","49-591-1019","100","03052024","09162024","02252024","11","6","100","88","24","0"
"11-073-0189","75-190-3627","101","04052024","09212024","05062024","95","50","76","69","5","1"
"40-793-7235","89-048-3542","102","04052024","12092024","05192024","92","67","51","23","78","1"
"56-894-3733","57-133-8386","103","04052024","03172024","02022025","85","83","13","49","75","-2"
"83-117-7658","61-424-7670","104","04052024","02252024","12192024","92","3","81","62","20","-1"
"72-989-2512","03-117-6217","105","04052024","06272024","10282024","24","21","4","85","17","1"
"58-229-1358","66-883-2383","106","04052024","09112024","09282024","21","24","2","87","36","1"
"28-275-5901","44-760-4337","107","04052024","04232024","01242025","64","1","92","49","15","1"
"85-806-8672","44-646-7502","108","04052024","10122024","11212024","35","88","87","39","62","1"
"65-718-0492","91-492-8216","109","05052024","01232025","02162025","100","92","26","84","9","-1"
"86-482-6451","56-965-0404","110","05052024","10272024","08102024","91","78","61","63","15","1"
"48-289-0604","94-261-1193","111","05052024","08122024","06202024","18","72","71","25","81","1"
"21-809-7115","57-774-4116","112","05052024","07222024","02242025","80","86","50","46","69","-2"
"84-269-9130","88-615-2915","113","06052024","09272024","08022024","11","10","80","48","65","-1"
"54-758-4622","94-903-2643","114","06052024","01162025","11212024","99","3","79","65","16","0"
"65-867-4029","70-591-9841","115","06052024","09032024","06162024","40","83","50","92","50","1"
"24-310-9184","69-378-2045","116","07052024","07262024","04082024","69","65","91","98","50","0"
"53-930-2215","42-210-6541","117","07052024","10042024","07092024","60","43","32","77","60","0"
"94-598-3383","39-488-0039","118","07052024","10082024","09012024","79","38","67","43","93","0"
"83-625-3618","64-528-9996","119","08052024","01112025","07042024","68","12","73","84","95","-1"
"13-844-2178","66-832-1802","120","09052024","09212024","03242024","44","67","48","90","11","0"
"05-184-4175","31-676-5646","121","09052024","10232024","05032024","40","30","60","33","84","1"
"89-335-0155","83-780-4531","122","09052024","09112024","01162025","46","81","47","48","48","-2"
"38-417-4656","57-202-5756","123","10052024","04132024","12232024","24","69","2","20","20","0"
"74-305-1263","83-076-5024","124","10052024","07102024","08162024","29","91","48","28","40","0"
"02-508-3777","69-933-2582","125","11052024","07072024","06262024","97","88","81","97","18","0"
"79-136-9840","07-809-0926","126","11052024","08192024","06232024","77","45","75","25","37","1"
"35-299-0889","16-776-9987","127","11052024","07112024","04212024","33","78","79","60","25","0"
"41-594-5069","45-471-5053","128","11052024","02052025","03212024","77","1","41","58","55","1"
"83-553-9523","89-976-4338","129","11052024","02142025","01282025","28","90","70","76","78","0"
"44-112-3331","90-453-4096","130","11052024","07022024","04082024","85","17","96","92","34","0"
"93-198-5984","86-441-7850","131","11052024","05142024","09172024","73","69","1","50","67","1"
"73-874-7534","12-566-2563","132","11052024","11082024","12182024","88","24","44","72","88","0"
"18-107-7886","11-466-3182","133","11052024","11072024","02272024","64","28","35","74","50","0"
"63-956-0739","17-123-1252","134","12052024","02212025","12222024","68","12","42","39","6","0"
"26-177-5690","06-708-1412","135","03062024","07152024","01212025","85","33","50","64","38","1"
"47-749-3277","96-551-3929","136","03062024","02292024","09132024","46","20","30","54","24","0"
"57-763-5501","25-790-1641","137","03062024","04072024","03242024","72","29","10","54","38","1"
"90-230-9767","70-515-9048","138","04062024","05012024","11172024","67","88","32","66","42","0"
"19-214-5762","88-108-3774","139","04062024","04242024","10132024","41","52","75","57","62","0"
"74-642-2435","52-012-3409","140","04062024","12282024","04082024","66","31","18","85","39","0"
"47-221-3391","21-450-5520","141","04062024","07092024","09122024","78","38","27","54","42","1"
"87-104-0187","41-881-1166","142","04062024","05282024","02052025","86","100","78","52","91","0"
"87-272-6544","93-699-8001","143","05062024","05032024","02132025","90","3","49","51","87","-1"
"06-340-6856","11-005-7835","144","05062024","11252024","02292024","41","56","12","93","88","-1"
"80-020-8041","66-684-1941","145","06062024","12032024","07082024","11","58","26","49","34","0"
"48-461-3742","78-381-5054","146","07062024","05172024","01232025","37","8","50","47","62","0"
"78-362-8578","57-633-6273","147","07062024","11172024","04102024","72","32","80","25","9","0"
"60-550-4771","24-568-9517","148","07062024","10032024","08242024","75","80","87","49","40","1"
"11-155-7826","91-788-3177","149","07062024","01312025","12262024","98","83","5","39","79","0"
"42-907-6946","32-386-9832","150","07062024","01012025","08312024","90","75","6","55","64","-1"
"99-048-8310","70-453-8646","151","07062024","04222024","05272024","32","49","73","80","36","0"
"85-440-3667","00-680-5333","152","08062024","06032024","09092024","68","29","31","53","20","1"
"93-571-7294","77-842-0920","153","09062024","11032024","05222024","78","94","7","69","40","1"
"82-977-7752","57-473-8672","154","09062024","12282024","11042024","88","78","17","58","21","0"
"76-476-9996","88-428-6227","155","10062024","01142025","12062024","37","96","82","35","23","1"
"50-679-2072","81-588-5701","156","10062024","05032024","05302024","97","32","43","82","98","0"
"50-329-3145","88-418-3855","157","11062024","12202024","04212024","12","54","48","31","88","0"
"52-392-5312","78-092-4768","158","11062024","02192025","07242024","50","42","20","87","59","-2"
"47-663-5703","52-062-2916","159","12062024","06142024","09142024","15","49","40","68","74","0"
"58-122-2282","55-773-9118","160","12062024","06302024","06122024","59","20","17","45","15","0"
"84-151-2114","79-704-1471","161","12062024","03062024","08112024","39","57","54","77","32","1"
"93-682-2069","60-038-7810","162","12062024","06232024","08162024","76","39","15","77","70","1"
"48-789-9187","95-944-5323","163","12062024","06262024","11152024","45","79","95","84","62","0"
"85-806-0613","06-286-2758","164","03072024","01012025","04262024","41","21","47","50","99","0"
"19-244-9890","98-107-0604","165","03072024","10022024","11092024","61","22","98","90","11","-1"
"60-285-3783","58-827-9061","166","04072024","03282024","01152025","51","62","95","52","21","1"
"34-547-0827","30-853-8580","167","04072024","01172025","07052024","54","53","33","94","82","1"
"06-731-2162","17-546-8875","168","04072024","10072024","07192024","87","1","98","61","84","0"
"48-193-1199","63-924-5144","169","05072024","12242024","06092024","46","51","92","47","25","0"
"40-003-7322","41-644-3129","170","05072024","02162025","10112024","13","32","79","38","61","0"
"91-417-0366","28-442-2578","171","06072024","12072024","12042024","25","74","100","41","59","-1"
"24-571-1080","07-520-1107","172","06072024","02212025","04112024","60","15","89","21","29","0"
"22-083-3347","01-431-7544","173","07072024","04292024","04302024","69","82","58","34","22","0"
"09-101-1740","63-836-1262","174","07072024","12202024","08312024","36","81","54","73","60","0"
"17-274-6898","34-738-1209","175","07072024","06012024","03222024","36","53","92","67","43","0"
"38-655-2312","91-127-7174","176","08072024","04092024","10182024","79","74","87","80","26","0"
"60-327-4114","59-968-8346","177","09072024","11222024","10172024","63","7","23","78","100","1"
"54-281-3746","08-824-4585","178","09072024","03102024","11032024","26","70","52","36","10","0"
"25-349-7974","82-737-6019","179","10072024","05282024","06222024","72","70","99","82","32","1"
"16-380-0753","24-603-5521","180","10072024","05162024","05082024","38","22","71","33","62","1"
"38-049-9319","90-447-5123","181","11072024","04292024","05092024","82","6","53","21","58","-1"
"50-329-3360","85-594-2570","182","11072024","02162025","08252024","19","77","66","62","100","-2"
"19-610-2236","53-799-3174","183","12072024","08032024","03192024","58","48","9","98","69","-1"
"46-632-8420","27-996-8883","184","03082024","12212024","05232024","98","24","4","89","80","0"
"14-836-2894","82-157-4299","185","03082024","01112025","09252024","44","92","92","41","61","0"
"08-196-2703","34-315-1199","186","03082024","11292024","10172024","100","52","2","86","70","0"
"87-097-5691","26-213-7885","187","04082024","08292024","03262024","62","78","97","62","97","0"
"04-453-5485","43-880-2879","188","04082024","01102025","04022024","84","20","58","86","64","-1"
"82-678-8097","65-403-0311","189","04082024","08242024","04052024","68","82","58","90","2","0"
"43-703-9939","69-928-4929","190","05082024","05222024","02172025","55","91","35","81","19","1"
"28-433-8533","81-694-0300","191","05082024","02272024","02022025","87","70","77","73","44","1"
"74-234-0628","49-559-7092","192","05082024","12152024","05132024","12","56","92","56","6","0"
"02-888-9412","22-307-4653","193","06082024","03282024","02042025","95","66","69","92","72","1"
"80-658-6456","42-080-6579","194","06082024","05192024","12102024","84","9","46","30","68","0"
"70-587-1204","41-399-9203","195","07082024","07152024","06232024","68","68","97","37","31","-1"
"88-951-9038","14-713-5795","196","07082024","10112024","02112025","11","72","5","89","4","0"
"45-317-9731","05-779-0378","197","07082024","01072025","08202024","44","83","78","46","4","1"
"63-874-9747","22-506-4911","198","07082024","12092024","11112024","36","59","90","25","60","1"
"44-546-5713","61-382-5182","199","07082024","01162025","02132025","94","69","68","24","20","-1"
"23-070-2433","82-235-9317","200","08082024","04112024","12282024","68","7","37","69","1","0"
"91-257-3672","30-438-6295","201","08082024","12182024","07052024","78","75","3","63","100","1"
"69-561-2496","38-790-7081","202","08082024","03182024","12092024","82","29","62","77","27","-1"
"87-013-6488","77-471-0792","203","08082024","10262024","04142024","22","10","53","64","7","1"
"31-969-4614","83-104-8425","204","09082024","06062024","01152025","62","89","6","23","11","1"
"96-209-1739","82-930-7733","205","09082024","02272024","02292024","70","81","75","24","54","1"
"20-022-3173","54-188-1006","206","10082024","11102024","02222025","21","63","65","38","73","-1"
"44-552-3909","80-863-1186","207","10082024","02262024","01192025","61","50","9","24","92","-1"
"40-902-1995","86-879-7811","208","10082024","12082024","04012024","46","88","20","59","79","-3"
"07-846-4804","30-605-2164","209","10082024","07022024","09252024","20","25","73","78","1","0"
"17-504-3699","81-276-8218","210","10082024","06152024","08172024","80","60","71","98","13","1"
"55-522-8242","48-884-5431","211","11082024","03302024","09072024","29","36","40","60","96","1"
"17-022-9721","59-629-0798","212","11082024","12132024","01122025","43","63","99","39","77","-1"
"03-940-0630","49-762-8263","213","11082024","10312024","04032024","23","43","75","91","86","-1"
"71-594-6552","63-492-7603","214","12082024","02192025","04172024","12","59","62","95","99","0"
"20-225-3930","73-069-2753","215","12082024","02292024","03172024","99","87","10","93","70","0"
"53-151-5726","93-180-4005","216","12082024","01122025","04202024","37","45","62","34","23","0"
"77-777-4536","64-396-5538","217","12082024","09122024","04042024","26","67","46","54","46","0"
"07-834-3320","47-831-9154","218","12082024","03072024","09202024","94","60","78","100","42","0"
"51-761-6320","28-461-1136","219","03092024","08302024","06222024","43","78","85","48","98","1"
"34-291-4939","39-284-1614","220","03092024","11242024","02132025","34","49","27","78","20","-1"
"67-025-1245","28-575-0716","221","04092024","03062024","08122024","88","46","55","73","63","1"
"63-936-0145","69-415-3675","222","04092024","06082024","12032024","22","56","72","70","39","0"
"27-495-1912","34-667-8907","223","05092024","02292024","05242024","26","63","88","84","70","0"
"47-554-5780","62-979-5038","224","06092024","06222024","04172024","93","62","65","78","87","0"
"21-013-3508","64-489-8494","225","06092024","06132024","11102024","12","95","49","25","23","0"
"39-913-2999","74-119-8973","226","06092024","04062024","04102024","23","99","97","68","76","0"
"82-395-5070","01-801-9502","227","07092024","02172025","02202025","75","81","17","69","38","0"
"62-100-2245","18-110-8314","228","07092024","11082024","07122024","22","60","73","62","3","0"
"09-712-3630","17-807-6972","229","07092024","03252024","09302024","87","62","2","22","38","1"
"25-010-9478","24-576-3402","230","08092024","10132024","07312024","74","30","24","82","12","-1"
"03-919-9890","69-289-8783","231","08092024","12072024","07252024","47","29","70","61","44","1"
"61-293-6327","00-023-7719","232","08092024","12292024","04042024","98","67","49","21","61","0"
"08-519-5579","32-178-2765","233","08092024","08222024","08162024","35","4","76","90","30","-2"
"00-366-9496","40-515-1141","234","08092024","02082025","12282024","30","66","28","63","98","1"
"28-840-6096","15-444-8224","235","09092024","02142025","09122024","19","65","48","59","53","-1"
"04-542-3863","55-952-9832","236","10092024","12112024","12222024","34","46","45","49","25","0"
"18-199-5799","76-870-2139","237","10092024","04282024","10302024","40","81","40","40","48","0"
"56-875-3717","39-257-6162","238","10092024","08012024","05032024","89","54","15","64","63","0"
"25-522-6043","29-122-7037","239","10092024","08192024","02032025","71","93","75","77","58","0"
"27-459-0724","45-331-8563","240","11092024","08122024","02242025","91","7","64","32","65","0"
"75-080-4909","34-726-5887","241","12092024","04122024","09092024","20","55","15","86","61","-1"
"07-970-9352","14-724-4622","242","03102024","05162024","07122024","96","33","72","74","100","0"
"26-134-9069","80-068-0825","243","03102024","11112024","01302025","14","87","8","90","14","0"
"08-396-2704","94-186-9620","244","03102024","04012024","05102024","42","12","28","80","8","1"
"24-975-4231","99-145-4924","245","03102024","07092024","08172024","31","61","28","55","70","1"
"28-197-9246","31-281-2352","246","03102024","07112024","05232024","47","30","16","22","81","0"
"77-013-1553","42-252-5861","247","04102024","10132024","08202024","79","31","66","92","13","-3"
"83-716-2177","79-518-8344","248","04102024","10102024","09132024","18","46","26","57","95","1"
"55-164-7723","85-454-9252","249","04102024","05172024","01082025","82","31","86","66","74","-1"
"22-778-3553","49-590-1752","250","04102024","10242024","02092025","36","77","49","30","84","0"
"14-331-3739","87-159-6467","251","04102024","10152024","03282024","24","89","27","99","1","-2"
"47-578-4161","96-001-5429","252","05102024","03102024","09142024","88","56","81","98","86","1"
"59-857-6577","57-569-7172","253","05102024","08102024","03042024","23","100","77","63","26","0"
"02-559-8196","44-495-6660","254","06102024","12122024","07252024","61","14","49","74","35","1"
"13-900-9016","63-969-9608","255","06102024","01062025","09192024","89","96","94","38","96","1"
"15-144-9413","08-912-0895","256","07102024","06302024","07292024","58","15","87","52","81","-2"
"65-527-9488","23-482-0516","257","07102024","06242024","10102024","38","72","39","59","8","-1"
"74-818-3306","75-536-2986","258","08102024","07272024","05092024","45","70","98","25","39","1"
"60-198-7050","27-493-6787","259","08102024","11242024","03192024","26","59","54","92","49","-1"
"82-041-7211","03-615-0558","260","09102024","05192024","07012024","49","49","26","78","61","0"
"17-002-4721","38-310-4533","261","09102024","02182025","10292024","31","55","5","71","46","0"
"74-404-0582","31-628-6696","262","09102024","11202024","06112024","57","82","59","44","57","0"
"73-561-2867","60-386-5077","263","10102024","06292024","09292024","12","86","98","75","86","0"
"45-194-4094","65-611-4749","264","10102024","06142024","10102024","64","71","69","60","67","0"
"92-362-3567","40-056-7748","265","10102024","05062024","12252024","11","10","60","93","53","0"
"96-961-2193","71-467-4910","266","10102024","08162024","11102024","46","39","11","36","54","0"
"92-652-3737","42-361-6981","267","11102024","07302024","10012024","89","56","74","27","51","-1"
"89-673-1543","43-679-7350","268","11102024","03282024","01032025","72","78","1","85","30","-1"
"70-815-4015","89-134-9717","269","12102024","07152024","08302024","38","93","61","67","100","1"
"90-737-0044","39-339-3869","270","12102024","01172025","05172024","79","98","97","26","21","0"
"67-473-7093","92-830-6986","271","12102024","03202024","04192024","56","12","85","52","46","0"
"22-621-2774","70-901-6191","272","03112024","06302024","06142024","54","26","16","63","97","0"
"15-240-6267","12-983-3026","273","03112024","04102024","04262024","91","55","94","42","93","-1"
"75-152-8731","05-593-1927","274","04112024","11122024","08082024","82","65","69","30","78","-1"
"40-913-9772","51-215-2283","275","04112024","03032024","05262024","36","30","44","68","88","-2"
"29-377-7040","59-979-6740","276","04112024","05292024","07292024","22","77","15","68","46","0"
"72-780-6006","81-292-4650","277","05112024","12132024","04172024","87","24","19","83","3","0"
"91-127-7489","86-079-1525","278","05112024","12102024","08042024","44","8","52","42","66","1"
"17-647-0503","69-416-9493","279","05112024","05242024","08202024","96","12","8","97","92","-1"
"91-848-0606","68-836-0350","280","06112024","07232024","10282024","39","22","73","60","2","0"
"11-745-3025","54-711-1582","281","06112024","02212025","09032024","15","27","21","37","67","1"
"29-823-6004","10-295-7996","282","06112024","04042024","03102024","52","79","87","36","100","-1"
"21-718-6746","96-012-3393","283","06112024","01202025","06062024","16","53","12","21","29","-2"
"86-692-2312","77-783-4107","284","06112024","12072024","04302024","30","48","52","22","78","0"
"54-109-8062","04-726-3363","285","07112024","01192025","02162025","75","69","100","43","18","-3"
"74-943-9034","15-739-5480","286","07112024","11182024","05062024","30","91","34","97","88","1"
"71-300-2191","98-677-4279","287","07112024","05062024","05012024","79","72","6","67","63","0"
"65-145-9672","65-068-1200","288","08112024","03162024","05262024","71","10","49","66","43","0"
"93-966-7754","78-787-7171","289","08112024","01182025","09272024","65","35","3","25","13","0"
"27-216-9671","40-773-7065","290","08112024","04122024","06042024","100","86","94","77","57","0"
"44-538-3366","33-898-6242","291","09112024","04172024","03302024","58","77","96","25","17","0"
"34-075-0371","32-771-2617","292","09112024","01102025","12032024","75","10","68","90","42","0"
"24-972-6969","27-532-7847","293","09112024","05282024","06132024","69","53","32","28","56","1"
"92-455-2959","13-109-8639","294","09112024","07162024","02252024","59","62","57","90","94","-1"
"58-182-6781","75-328-1709","295","10112024","06292024","11152024","34","55","22","77","85","0"
"42-134-9798","16-869-7328","296","10112024","10232024","12302024","19","80","87","33","38","0"
"18-278-2383","73-210-4267","297","11112024","09152024","07022024","97","77","13","43","40","0"
"03-597-9488","03-983-0515","298","11112024","07112024","03282024","70","66","74","47","77","0"
"14-681-7035","01-308-0960","299","12112024","08072024","05182024","36","90","57","35","68","-1"
"01-439-6231","08-490-1714","300","12112024","10282024","12092024","88","100","17","25","28","-1"
"25-911-7736","40-180-0752","301","12112024","08172024","08292024","75","48","25","96","65","0"
"36-918-2937","53-844-0478","302","03122024","02122025","11282024","62","89","18","35","36","0"
"37-666-3902","58-536-6583","303","03122024","08112024","06122024","19","73","60","70","48","0"
"27-757-4489","04-456-0715","304","04122024","01192025","07042024","35","78","68","95","91","0"
"97-040-3822","78-459-1417","305","05122024","08232024","05172024","50","99","73","42","1","0"
"98-445-7372","71-676-6562","306","05122024","10032024","05302024","65","79","52","56","94","1"
"92-152-5820","50-747-2259","307","05122024","05012024","06242024","18","36","53","65","100","-1"
"24-986-5091","51-076-1164","308","05122024","06252024","08142024","89","22","23","83","25","-1"
"22-849-2551","14-231-9135","309","06122024","12202024","09082024","34","1","79","58","36","1"
"15-169-8058","14-009-8505","310","06122024","09232024","04182024","87","97","28","58","21","0"
"78-953-2073","28-465-9141","311","06122024","10012024","01042025","53","20","75","83","77","1"
"10-255-8579","29-112-1577","312","07122024","07242024","01282025","56","53","77","69","69","0"
"82-948-2298","53-749-6148","313","07122024","02172025","11212024","38","91","94","53","87","0"
"60-747-8704","93-793-4398","314","07122024","09292024","08222024","97","97","71","53","31","-1"
"40-462-2952","57-323-8059","315","08122024","10142024","11192024","91","68","80","81","85","0"
"98-235-2711","23-052-4744","316","09122024","12312024","01262025","22","40","7","98","60","0"
"83-108-1174","56-439-3559","317","09122024","03052024","12252024","78","68","68","89","24","0"
"28-505-8317","61-755-4469","318","10122024","07232024","01282025","23","85","94","92","72","1"
"31-803-5001","14-414-1945","319","10122024","12042024","06012024","78","16","37","25","96","0"
"17-236-0566","32-402-9679","320","10122024","03022024","08042024","95","87","13","61","4","-3"
"76-090-4411","82-552-6786","321","12122024","08102024","04162024","49","94","18","38","11","1"
"43-910-2342","06-569-4690","322","12122024","06082024","07192024","26","69","90","47","35","1"
"05-425-0746","23-450-0301","323","12122024","05092024","06052024","50","68","90","40","13","0"
"93-815-0565","56-422-1480","324","12122024","08122024","07012024","50","36","96","53","73","1"
"67-270-7464","83-960-5274","325","02012025","08242024","12072024","91","73","77","51","49","0"
"61-827-4098","34-850-0377","326","02012025","07152024","03242024","23","42","87","63","5","0"
"92-291-7089","08-523-5066","327","02012025","07262024","05062024","76","15","99","60","49","1"
"76-070-1411","63-528-0643","328","02012025","02122025","02142025","15","75","78","71","21","0"
"36-330-5036","52-359-1255","329","02012025","09202024","05172024","79","28","4","42","46","1"
"02-034-6209","34-724-1913","330","02012025","07262024","10082024","22","43","3","45","87","0"
"49-891-4927","89-155-3471","331","01022025","02262024","11282024","37","5","1","68","99","-1"
"94-020-6982","72-649-3163","332","01022025","10052024","05042024","25","75","27","31","36","0"
"88-807-8431","66-563-9462","333","01022025","06062024","02092025","11","87","43","86","91","0"
"19-672-8982","50-214-3802","334","01032025","01232025","03312024","21","87","67","64","69","0"
"07-389-5740","72-784-3292","335","01032025","03122024","07172024","34","94","69","96","30","0"
"39-629-5554","67-679-4930","336","02032025","04092024","02052025","44","90","17","21","91","1"
"27-635-8394","87-893-6089","337","02032025","11132024","03192024","88","37","61","63","35","-3"
"14-844-4138","90-534-2165","338","02032025","10252024","03032024","61","43","29","67","6","0"
"65-464-5070","01-517-7793","339","02032025","03162024","09012024","12","60","73","20","35","1"
"46-911-1159","30-820-2883","340","02032025","10302024","12192024","98","40","100","46","9","-1"
"35-617-3857","90-718-2724","341","01042025","03212024","03062024","46","31","89","59","65","1"
"41-237-5498","38-643-1626","342","01042025","12242024","02062025","88","53","44","56","14","0"
"86-672-4191","79-219-8469","343","01042025","09292024","02082025","88","22","61","54","100","1"
"10-555-5971","30-410-3509","344","01042025","12022024","09272024","94","56","80","47","96","-1"
"45-050-4720","98-791-5014","345","01042025","07052024","03132024","18","78","43","85","97","-1"
"73-997-6251","17-167-4304","346","01042025","10152024","09172024","94","18","84","44","49","0"
"53-446-8243","51-666-7174","347","02042025","07262024","04232024","41","94","4","88","92","0"
"12-798-9401","96-609-6152","348","01052025","05122024","05252024","18","14","77","78","4","0"
"93-014-4256","37-599-8579","349","01052025","01112025","10132024","19","92","41","51","79","1"
"60-911-3745","87-570-0273","350","01052025","08312024","01182025","98","41","98","70","75","-1"
"53-146-9979","44-388-2451","351","02052025","10112024","08082024","21","15","27","37","41","0"
"65-780-5622","69-460-9770","352","02052025","05022024","05272024","74","81","41","51","67","0"
"29-896-7926","86-400-4155","353","01062025","06012024","05062024","20","20","56","62","69","0"
"67-027-7269","50-050-5707","354","01062025","11302024","11092024","35","19","30","88","6","0"
"25-353-2067","01-210-3485","355","01062025","08042024","07252024","81","16","69","23","96","1"
"72-341-1154","84-090-6472","356","01062025","10312024","09092024","85","66","85","65","58","-3"
"16-187-5729","79-366-7207","357","01062025","03212024","03302024","45","58","84","90","67","0"
"49-311-3063","15-947-9718","358","02062025","10032024","07032024","47","75","53","70","20","0"
"98-652-9569","65-160-1426","359","02062025","02172025","06232024","12","7","23","72","16","1"
"78-689-8958","52-744-6162","360","01072025","02272024","03292024","20","43","43","73","6","1"
"66-378-7532","15-365-5585","361","01072025","06052024","05062024","87","51","67","55","100","1"
"14-115-8371","80-833-3051","362","01072025","09192024","09012024","23","76","70","97","38","-1"
"76-540-6407","78-644-5877","363","02072025","01172025","12132024","92","54","73","79","1","1"
"81-573-0943","07-754-2313","364","02072025","06282024","11142024","22","58","2","33","68","1"
"68-732-5919","07-500-2023","365","02072025","10292024","05172024","26","83","24","75","12","-1"
"68-734-1585","54-537-5633","366","01082025","04162024","07132024","62","44","11","92","37","1"
"93-342-8794","93-688-1260","367","01082025","12072024","11222024","84","91","86","83","95","1"
"42-175-1648","67-272-8844","368","01082025","01252025","09092024","81","87","15","94","10","0"
"46-083-7058","26-730-0925","369","01082025","08272024","06092024","61","91","40","34","76","1"
"66-716-8221","67-024-9832","370","02082025","06242024","01172025","70","96","35","63","84","-1"
"12-714-5135","97-055-2756","371","01092025","01142025","04252024","49","28","74","70","38","0"
"35-031-1497","84-835-1656","372","01092025","07042024","11022024","20","68","20","38","51","0"
"54-708-7327","46-316-6919","373","01092025","03282024","04152024","50","14","99","52","75","0"
"63-897-8088","82-313-4469","374","01092025","06072024","10162024","63","56","33","35","16","0"
"79-494-2472","04-391-8892","375","01092025","04192024","04232024","42","48","18","39","57","1"
"15-679-3935","35-906-1010","376","02092025","06152024","02202025","22","69","87","34","26","0"
"31-608-1445","75-286-4153","377","02092025","02152025","12142024","84","28","29","54","32","0"
"70-206-4860","82-527-9395","378","02092025","03112024","09172024","93","68","71","30","37","0"
"30-832-5429","41-800-2842","379","01102025","10052024","09172024","46","43","46","68","59","0"
"01-173-0029","18-880-7910","380","01102025","07052024","04122024","42","4","53","37","53","0"
"65-235-7676","22-083-3504","381","01102025","08012024","06032024","91","71","17","74","57","0"
"79-400-6216","83-361-7509","382","02102025","03102024","10022024","16","56","13","56","28","0"
"35-836-6718","27-838-4345","383","02102025","01252025","01222025","91","14","99","50","5","1"
"08-573-9997","95-734-4024","384","02102025","04052024","12022024","26","1","9","82","8","1"
"66-854-5736","98-591-1051","385","01112025","12232024","05102024","63","57","11","20","100","1"
"85-835-3445","13-433-4930","386","01112025","03022024","05122024","50","93","37","78","79","-4"
"10-768-2443","44-451-2764","387","02112025","03052024","12192024","93","55","95","56","72","0"
"19-112-1616","55-251-3001","388","01122025","04122024","06282024","88","56","72","25","36","0"
"89-388-3239","28-521-7083","389","02122025","05242024","04192024","54","88","43","81","77","0"
"22-760-4605","01-495-9336","390","02122025","07072024","08032024","86","20","67","83","82","0"
"38-664-2155","10-540-5841","391","01132025","04122024","05302024","48","27","73","52","97","0"
"89-713-6071","84-123-7159","392","01132025","11192024","11252024","89","66","28","39","25","-1"
"56-191-6497","65-395-5947","393","01142025","10042024","01072025","97","41","68","35","16","0"
"27-389-3529","73-201-2803","394","01142025","04232024","03092024","84","8","54","60","38","1"
"11-604-6002","50-862-4552","395","01142025","06182024","05292024","69","17","27","79","75","0"
"20-448-2972","26-920-6626","396","01142025","01202025","09162024","80","6","92","26","71","0"
"77-959-1018","00-912-3545","397","01152025","04302024","06122024","22","22","65","62","78","-2"
"69-895-3397","02-575-2074","398","01162025","01162025","03042024","28","5","9","33","9","0"
"32-933-0329","86-760-5412","399","01172025","07142024","04152024","23","38","54","40","15","1"
"33-440-2588","68-596-5506","400","01172025","09162024","02242025","26","12","43","73","20","1"
"02-085-7218","41-978-3326","401","01172025","06252024","01282025","85","28","32","57","41","1"
"43-193-9915","23-931-2988","402","01172025","07122024","09232024","55","58","6","48","17","0"
"62-998-7250","72-002-3904","403","01182025","07312024","10052024","72","3","10","52","14","1"
"70-871-4536","72-514-7323","404","01192025","11132024","06172024","29","4","17","59","52","1"
"38-822-8005","45-886-1540","405","01192025","01122025","03312024","47","20","65","49","19","0"
"38-390-2115","12-433-6490","406","01192025","03062024","03012024","42","69","54","43","96","1"
"28-968-4195","17-562-1176","407","01192025","07172024","10132024","97","52","80","22","90","-1"
"09-286-8107","90-727-4816","408","01202025","09072024","12152024","90","62","54","70","83","-3"
"00-405-7428","42-746-2717","409","01202025","01272025","01122025","81","74","45","42","23","0"
"43-893-5408","25-414-2945","410","01212025","03202024","08242024","60","90","85","47","9","0"
"52-481-5224","46-382-2024","411","01212025","02072025","02152025","45","24","61","44","34","1"
"34-131-8805","84-472-8001","412","01212025","09102024","12222024","92","92","28","50","67","0"
"36-840-2728","26-454-7297","413","01212025","08102024","03142024","76","21","3","31","47","0"
"64-418-8356","91-451-2016","414","01212025","11132024","04282024","80","24","60","98","38","-1"
"51-462-0747","40-417-9838","415","01222025","02072025","03102024","21","30","32","43","54","1"
"74-711-7160","40-662-8853","416","01222025","12282024","06012024","84","69","77","39","69","0"
"44-637-5512","27-541-2645","417","01222025","01122025","05262024","58","12","99","71","30","-1"
"27-881-1177","64-807-5250","418","01232025","07032024","11232024","34","47","99","97","47","1"
"72-404-5581","18-065-8014","419","01232025","08072024","02082025","54","17","90","60","20","1"
"12-046-2988","37-630-2250","420","01252025","01242025","11212024","17","63","66","23","46","1"
"21-816-1004","68-482-4786","421","01262025","12042024","07222024","84","13","88","25","34","-1"
"81-605-6246","62-086-0407","422","01262025","03022024","03062024","73","31","49","22","47","0"
"11-815-7923","98-304-8407","423","01262025","06162024","08062024","96","9","57","78","67","-1"
"26-456-1992","60-159-3514","424","01262025","12232024","07292024","56","59","87","65","45","0"
"63-168-6018","01-853-2191","425","01262025","10032024","05012024","60","63","81","74","31","0"
"70-854-6891","79-575-9351","426","01282025","11282024","11122024","41","84","90","42","65","1"
"87-762-1317","58-474-3510","427","01282025","11202024","02092025","45","63","75","83","5","-1"
"80-374-5711","77-566-9826","428","01282025","10052024","12072024","48","77","81","70","74","1"
"60-456-8169","54-529-4459","429","01282025","02282024","02252024","21","28","72","69","51","0"
"99-543-5039","63-683-7396","430","01282025","11202024","07292024","65","88","20","89","37","0"
"72-810-9753","17-359-2527","431","01282025","02072025","12122024","14","84","15","51","73","1"
"78-956-4737","76-712-0418","432","01292025","05192024","04182024","47","1","60","32","87","0"
"46-415-8633","32-497-0478","433","01292025","11172024","01022025","71","36","45","87","2","-2"
"06-611-5454","43-786-9229","434","01302025","10112024","11162024","64","21","13","51","26","1"
"27-783-5470","45-997-6429","435","01302025","07272024","03162024","74","65","5","21","42","0"
"55-697-5242","74-726-0855","436","01312025","06302024","09242024","51","53","88","54","59","-1"
"15-082-9124","02-997-1489","437","01312025","10082024","05072024","89","35","19","49","55","0"
"06-996-3221","97-821-7402","438","10132024","12042024","06102024","11","9","65","48","96","0"
"45-634-0679","29-542-9338","439","10132024","02282024","08272024","98","100","34","53","20","-1"
"15-796-3130","45-912-2948","440","10142024","04172024","05292024","50","58","78","83","49","1"
"51-000-8113","56-825-0880","441","10142024","01312025","11202024","24","27","35","49","58","0"
"20-387-7746","08-218-9429","442","10142024","06052024","10272024","64","10","100","97","52","0"
"82-931-7126","67-596-1997","443","10142024","10172024","05122024","34","95","18","41","26","0"
"55-631-7937","79-508-5241","444","10152024","06192024","01212025","26","54","90","25","81","0"
"11-338-4598","72-360-6358","445","10162024","02032025","02232025","72","58","69","96","23","-2"
"52-402-9245","37-519-7762","446","10162024","02122025","09192024","89","40","64","93","48","1"
"09-536-2626","14-483-5712","447","10172024","08262024","03212024","83","52","32","47","7","0"
"48-427-0551","01-900-4509","448","10172024","12162024","11032024","13","55","77","67","68","1"
"06-706-6490","85-670-6379","449","10182024","07032024","03152024","15","66","85","60","40","0"
"29-135-0791","05-050-4384","450","10182024","12212024","01112025","56","48","82","71","65","0"
"89-624-7462","39-506-2186","451","10182024","02162025","11242024","18","3","39","58","61","0"
"82-231-4245","96-177-4040","452","10182024","08282024","01162025","32","91","80","69","80","0"
"42-220-9305","56-092-7992","453","10192024","12112024","10142024","91","98","6","100","20","0"
"02-920-4829","41-587-4864","454","10192024","06142024","05222024","92","87","84","61","31","1"
"61-801-8665","78-283-9751","455","10192024","12062024","06242024","42","88","17","34","51","0"
"01-144-5960","80-848-7493","456","10202024","05292024","07132024","75","25","99","89","42","-1"
"98-575-4736","44-429-6199","457","10202024","05252024","09172024","76","11","15","22","91","1"
"30-996-2526","30-942-0054","458","10202024","02282024","09072024","86","90","39","98","85","-3"
"45-380-4627","20-201-5639","459","10202024","01112025","02162025","90","1","40","52","19","0"
"47-548-6500","27-061-4764","460","10202024","03072024","12252024","20","93","37","23","2","1"
"30-591-7275","12-431-9207","461","10212024","02192025","01182025","17","88","41","45","29","1"
"38-296-6634","41-083-3955","462","10222024","03312024","12102024","49","46","8","82","21","0"
"98-858-6323","79-086-1717","463","10222024","01072025","11162024","20","17","71","50","65","1"
"69-743-0161","29-774-6779","464","10222024","08142024","11212024","99","54","71","80","10","0"
"71-067-3278","76-797-9430","465","10222024","05082024","08162024","51","35","95","80","89","1"
"24-143-4957","29-968-4976","466","10222024","06222024","08152024","25","97","63","72","23","0"
"31-387-5020","02-811-7933","467","10222024","12172024","08142024","63","41","98","37","7","1"
"33-378-1365","31-483-9201","468","10222024","12072024","02042025","50","66","1","76","73","1"
"41-729-5410","71-727-8611","469","10232024","04052024","06262024","91","59","49","30","63","0"
"33-335-9140","08-209-1598","470","10242024","08202024","08272024","28","17","28","38","25","-1"
"40-021-2400","62-648-2577","471","10242024","11162024","05112024","29","18","86","53","69","0"
"81-268-5905","36-138-9045","472","10242024","07302024","06142024","89","26","36","48","94","0"
"38-617-7226","91-215-9838","473","10242024","06192024","07132024","65","42","62","54","2","-1"
"54-822-9009","23-197-9965","474","10252024","06082024","01032025","40","38","32","21","45","1"
"02-655-3240","95-200-1972","475","10252024","05212024","06202024","99","44","52","36","2","-1"
"01-839-6534","51-519-4588","476","10252024","02042025","09022024","56","28","76","93","69","1"
"98-499-2220","69-666-2257","477","10252024","04222024","11212024","37","3","45","39","28","0"
"69-171-1305","33-733-7313","478","10262024","06182024","10112024","31","29","57","25","22","0"
"57-394-4703","52-130-3457","479","10262024","01072025","10162024","81","83","36","74","86","0"
"58-946-5152","42-201-4328","480","10262024","11052024","07102024","11","77","7","77","46","0"
"74-587-2065","33-141-1402","481","10272024","02202025","03022024","29","20","85","31","31","0"
"69-287-9113","20-952-0731","482","10272024","06292024","12162024","59","91","24","54","87","0"
"03-441-4252","11-430-6041","483","10272024","06282024","07242024","12","83","93","22","9","-1"
"29-344-3658","33-546-5056","484","10272024","10252024","09192024","75","56","57","63","64","1"
"12-342-4482","71-300-8176","485","10272024","09302024","08292024","67","83","90","66","77","0"
"99-894-4351","45-602-6533","486","10272024","02242025","12252024","29","54","54","58","63","0"
"34-709-9237","66-680-8738","487","10272024","03132024","04242024","61","81","99","26","76","0"
"05-498-7751","17-963-6051","488","10282024","07102024","03242024","52","22","37","56","44","-2"
"32-270-1385","81-072-8266","489","10282024","12152024","08082024","28","38","23","48","56","0"
"67-710-5120","00-131-9278","490","10292024","12292024","02252024","84","92","18","92","69","0"
"37-709-3532","08-439-3820","491","10292024","11072024","05112024","79","45","39","55","20","0"
"60-311-5701","07-578-7055","492","10292024","10192024","07172024","39","78","97","54","89","1"
"97-093-4278","38-200-4863","493","10292024","04092024","06012024","69","98","89","29","34","-1"
"41-131-3841","55-269-1746","494","10292024","01232025","03202024","77","19","31","27","25","0"
"40-630-1431","61-040-9004","495","10292024","07112024","11072024","29","66","21","74","93","0"
"64-493-5270","36-964-9838","496","10302024","05232024","05222024","69","59","29","63","91","0"
"07-219-8017","95-148-9287","497","10312024","08132024","11082024","40","2","58","71","10","0"
"73-751-4393","14-486-5626","498","10312024","06072024","03232024","68","10","29","37","11","1"
"50-942-2409","69-472-4067","499","10312024","04232024","12102024","75","91","68","96","73","1"
"01-018-6418","78-888-6073","500","11132024","09272024","07162024","68","29","100","70","26","0"
"59-725-4038","39-055-1703","501","11132024","08262024","08232024","78","34","39","62","2","1"
"40-997-2786","18-743-4684","502","11142024","05232024","10142024","76","98","41","62","48","1"
"11-766-8738","96-393-1428","503","11142024","11302024","03222024","27","64","43","70","58","0"
"40-860-4532","73-625-5112","504","11152024","02272024","02052025","74","72","18","83","54","0"
"55-936-2406","29-689-5014","505","11162024","03092024","04052024","27","93","88","66","13","0"
"62-816-8794","56-110-5754","506","11162024","06172024","02062025","15","76","81","90","26","1"
"04-104-6993","06-776-1072","507","11162024","08272024","10152024","60","1","42","42","91","1"
"35-835-5591","54-876-4296","508","11172024","06052024","03082024","95","63","73","61","38","-1"
"83-704-6367","41-628-8713","509","11172024","09022024","09072024","21","87","12","20","38","0"
"60-771-0879","90-554-0576","510","11172024","02112025","05032024","89","15","22","79","42","-1"
"27-269-5260","54-724-8610","511","11172024","03152024","10222024","14","81","65","74","84","0"
"20-031-0532","35-835-8848","512","11172024","07252024","11092024","32","63","92","84","34","0"
"19-323-0506","28-977-3789","513","11172024","04282024","10152024","68","43","96","75","35","1"
"46-452-9419","67-137-4215","514","11182024","11142024","07082024","43","10","15","27","69","1"
"90-492-0564","18-085-1667","515","11182024","06252024","07202024","92","96","56","32","22","-2"
"17-395-1121","67-252-3923","516","11182024","10082024","12032024","85","16","74","58","36","0"
"83-400-9746","02-510-0629","517","11182024","07122024","02292024","24","1","65","58","61","0"
"19-854-3663","72-509-7548","518","11192024","05052024","12142024","13","88","11","100","52","0"
"57-167-0669","30-934-3251","519","11212024","02172025","12302024","19","99","78","29","54","0"
"76-954-1442","68-200-8955","520","11222024","04242024","03182024","97","77","99","74","98","-1"
"83-763-5038","26-438-8349","521","11222024","09092024","10232024","52","64","54","21","55","0"
"80-375-9075","86-487-3354","522","11232024","10202024","06192024","96","34","57","71","17","-2"
"87-391-9658","51-054-1226","523","11232024","09182024","01072025","26","100","13","45","45","1"
"67-725-6830","05-727-0033","524","11232024","08112024","06182024","51","47","6","53","4","0"
"12-093-9863","21-416-3796","525","11232024","02092025","06262024","51","19","96","73","42","1"
"44-408-7594","08-828-3804","526","11242024","05012024","01082025","39","21","5","51","98","0"
"04-637-8815","60-959-6355","527","11242024","11272024","11242024","90","91","62","34","72","-1"
"88-746-9468","06-159-1957","528","11252024","02032025","11142024","35","92","74","76","32","-1"
"32-987-5559","01-665-0053","529","11252024","01302025","05152024","39","88","100","28","18","1"
"02-484-0206","62-011-9357","530","11252024","08202024","08022024","64","97","91","48","100","0"
"80-441-7249","35-979-6839","531","11252024","04142024","08102024","98","30","39","31","26","-1"
"41-316-8427","75-867-3635","532","11262024","09062024","09212024","95","93","16","60","19","0"
"56-668-5370","13-526-1392","533","11262024","09102024","08032024","70","96","21","100","15","1"
"45-172-7012","95-721-9228","534","11262024","12132024","12012024","20","91","12","35","50","1"
"93-015-0811","07-055-5188","535","11262024","08052024","06262024","18","7","58","88","96","0"
"52-029-2382","16-474-4516","536","11262024","08152024","04082024","54","86","69","29","8","0"
"28-044-4102","93-358-1118","537","11262024","03012024","08272024","19","28","83","91","73","1"
"34-861-4446","40-696-4237","538","11272024","01182025","01062025","66","40","8","43","49","0"
"80-334-0215","19-156-3869","539","11272024","04302024","06222024","88","27","92","57","37","0"
"94-697-2396","34-161-7429","540","11272024","02262024","07072024","71","97","44","58","14","0"
"76-027-4850","75-256-5638","541","11272024","08262024","06242024","39","37","48","25","19","1"
"15-907-3681","72-931-9828","542","11282024","01272025","02202025","20","42","21","61","25","0"
"00-641-8691","34-824-0575","543","11282024","09242024","08302024","33","22","94","96","56","1"
"15-762-1058","32-914-1424","544","11292024","02072025","01042025","29","83","91","81","53","0"
"57-779-4955","84-869-9980","545","11292024","12012024","01202025","92","48","22","38","61","0"
"68-436-1268","10-694-6636","546","11302024","08172024","07112024","70","92","74","95","26","-1"
"26-000-1012","60-284-1974","547","11302024","11292024","04122024","65","54","29","69","79","1"
"75-094-1179","57-615-0729","548","12132024","02092025","07182024","26","79","31","47","41","0"
"11-032-9778","42-380-8881","549","12132024","01272025","08192024","99","1","4","50","53","0"
"24-478-8277","64-070-7611","550","12132024","01122025","11262024","47","26","40","30","72","0"
"12-239-9399","53-584-1853","551","12142024","07292024","10272024","28","40","27","30","56","-1"
"83-321-7887","70-444-9176","552","12142024","11292024","08022024","44","75","72","96","38","-1"
"80-371-3695","42-254-7371","553","12152024","11302024","12102024","89","42","76","94","81","1"
"49-199-6836","81-999-7392","554","12152024","12302024","08242024","100","64","62","84","44","0"
"85-510-2915","55-134-2668","555","12162024","05292024","10092024","62","49","38","42","44","0"
"08-637-9335","99-178-0951","556","12162024","03062024","07252024","100","7","14","26","33","0"
"85-212-2729","58-226-6435","557","12172024","12212024","05162024","42","94","79","61","92","0"
"51-469-4611","62-029-0827","558","12182024","05242024","01072025","62","81","91","100","42","-1"
"34-928-2775","07-959-3210","559","12182024","02242025","01282025","19","47","25","96","37","1"
"32-676-1026","98-155-9583","560","12182024","06042024","04162024","52","46","12","43","34","1"
"53-080-8252","73-744-7022","561","12192024","09242024","11202024","30","85","21","32","83","0"
"49-526-7806","66-973-4855","562","12192024","11192024","05012024","77","52","28","48","43","-2"
"31-157-1822","53-998-1422","563","12192024","07302024","01282025","96","80","20","94","49","0"
"91-426-3204","86-184-4829","564","12192024","04142024","07082024","67","71","4","76","34","0"
"64-109-7362","38-603-6412","565","12192024","07092024","09292024","86","55","96","37","53","1"
"68-418-6724","75-465-6257","566","12212024","01132025","09302024","63","4","85","59","71","0"
"93-813-2419","12-264-4503","567","12212024","04092024","06222024","39","16","57","98","12","0"
"52-123-8039","24-087-5935","568","12212024","09032024","01162025","43","65","66","78","73","1"
"74-666-5671","58-657-7257","569","12212024","05102024","05042024","37","33","80","27","73","0"
"26-161-6692","61-796-7912","570","12222024","09072024","09192024","61","90","26","79","84","-2"
"44-368-7112","85-978-7855","571","12222024","05022024","12062024","28","32","71","32","49","0"
"01-820-5784","80-567-5598","572","12232024","02122025","04262024","63","38","77","23","18","-1"
NULL,"83-941-9620","573","12232024","11262024","09212024","69","21","68","36","35","0"
"39-479-5147","02-156-7270","574","12242024","08182024","04042024","92","68","79","40","57","0"
"95-262-6208","66-227-1125","575","12242024","04152024","07292024","19","78","90","72","84","0"
"37-248-6266","75-553-7424","576","12242024","10172024","05242024","84","74","48","64","32","0"
"43-851-9440","67-674-0287","577","12242024","05112024","03042024","14","75","19","100","84","1"
"11-053-0107","07-410-2867","578","12252024","07122024","06282024","30","25","11","42","76","0"
"28-608-0039","26-796-0872","579","12262024","05212024","04152024","63","60","54","33","31","-1"
"96-334-2593","64-831-3071","580","12262024","06272024","11192024","60","27","58","43","91","0"
"73-010-8323","80-622-6587","581","12262024","02272024","04292024","16","34","89","35","52","-1"
"86-273-9377","38-330-5543","582","12262024","12042024","11292024","18","86","20","64","34","0"
"35-353-4068","44-199-6832","583","12262024","12182024","07052024","64","11","97","33","83","0"
"02-974-8526","09-387-1119","584","12262024","04052024","08072024","74","4","39","97","24","-2"
"95-252-9619","38-819-2922","585","12272024","12072024","11092024","92","39","50","30","41","1"
"43-469-7551","64-361-4238","586","12272024","05262024","01252025","45","36","97","36","6","0"
"08-495-6853","07-432-0137","587","12272024","01132025","08142024","74","62","6","65","96","1"
"83-556-0996","81-234-0741","588","12272024","02202025","10302024","88","34","94","95","63","0"
"65-282-0419","85-932-1011","589","12282024","07172024","12052024","50","100","91","29","31","0"
"95-449-1286","18-260-7354","590","12292024","12232024","09082024","10","17","70","100","63","0"
"00-534-9775","79-955-6260","591","12292024","05232024","08172024","87","91","23","90","75","0"
"09-618-2842","68-415-1025","592","12292024","03212024","08062024","38","82","17","52","47","0"
"74-610-2295","22-959-6357","593","12302024","03162024","09262024","61","31","100","95","61","0"
"17-265-1899","61-793-0279","594","12302024","03252024","02102025","81","35","82","86","71","0"
"06-336-5482","99-784-4391","595","12312024","03082024","08242024","89","34","15","60","2","0"
"20-283-0111","60-394-8955","596","12312024","04172024","01062025","58","55","5","62","89","1"
"77-937-1108","41-007-0132","597","12312024","04232024","04122024","39","83","21","73","88","0"
"07-337-9889","84-949-8378","598","12312024","08152024","09292024","95","6","59","49","77","0"
"81-578-7404","90-177-6733","599","02132025","08112024","04062024","67","79","98","73","36","-1"
"90-303-1821","96-786-0667","600","02132025","08032024","10052024","50","20","74","30","57","1"
"42-495-7698","93-625-4768","601","02132025","10082024","07222024","10","11","29","29","72","-1"
"57-101-0060","40-070-5881","602","02132025","01012025","09112024","59","73","86","32","56","-1"
"99-561-4871","04-786-5408","603","02142025","08202024","07282024","17","38","93","100","63","-1"
"40-126-0515","78-379-0369","604","02142025","03042024","12182024","74","37","57","91","18","0"
"19-377-5021","34-014-5873","605","02142025","08112024","12242024","91","96","90","90","75","1"
"60-644-6596","32-745-8366","606","02142025","01052025","11102024","89","67","89","96","42","0"
"82-711-0772","78-877-1866","607","02152025","05162024","10232024","72","58","52","36","14","1"
"55-803-3964","75-906-1086","608","02162025","08262024","10302024","25","60","36","31","41","1"
"00-119-8780","14-703-2550","609","02172025","07162024","03042024","40","81","78","39","65","0"
"13-888-0149","09-902-6272","610","02172025","12302024","03152024","75","18","65","32","92","-1"
"51-273-4240","32-506-0556","611","02182025","09262024","06202024","85","57","25","30","42","-2"
"23-395-3157","48-538-8538","612","02182025","07302024","03162024","41","66","50","55","74","0"
"03-149-9760","08-141-2402","613","02192025","07132024","03262024","92","99","93","43","90","0"
"02-895-7781","23-109-2205","614","02192025","09262024","01242025","51","55","76","21","13","-1"
"95-354-8583","02-057-9401","615","02192025","02112025","10202024","98","40","93","30","53","0"
"27-681-5588","89-959-2254","616","02192025","10262024","12072024","100","99","8","54","92","-1"
"70-534-7796","62-044-8874","617","02192025","06252024","01172025","43","21","31","22","25","-1"
"72-066-4597","97-994-0773","618","02202025","12082024","12132024","31","54","52","69","77","0"
"79-884-8810","14-108-0409","619","02202025","12062024","08152024","12","93","29","45","12","0"
"08-703-1382","29-975-3449","620","02212025","03062024","06212024","40","53","7","70","20","1"
"39-315-3936","99-034-7010","621","02212025","09252024","08102024","57","62","72","23","4","1"
"06-690-2335","66-317-4895","622","02222025","06162024","05072024","24","15","6","35","4","1"
"43-153-8268","19-809-5654","623","02232025","01292025","10022024","75","61","19","79","69","1"
"44-634-8292","48-557-5036","624","02232025","03092024","01022025","60","69","64","51","6","0"
"96-774-0457","71-991-5737","625","02242025","03122024","10222024","56","50","80","99","5","1"
"50-930-4751","40-260-8547","626","02242025","06242024","02252024","88","40","29","96","87","1"
"63-918-8253","94-157-1762","627","02242025","07042024","09292024","53","98","23","41","84","0"
"84-629-1532","50-378-4320","628","02252024","11272024","07202024","22","89","25","30","62","-1"
"77-312-6317","12-950-4397","629","02262024","09132024","10012024","41","29","76","59","4","-1"
"21-693-8216","62-599-8388","630","02262024","09032024","10272024","70","96","85","34","3","1"
"74-430-8245","51-213-5660","631","02262024","08152024","03062024","73","90","77","75","19","1"
"39-449-0772","84-504-7617","632","02272024","04022024","10052024","94","13","15","20","24","1"
"51-312-8608","06-315-0552","633","02272024","10022024","04292024","68","60","21","79","46","0"
"89-543-3456","23-178-8962","634","02282024","06222024","02062025","66","40","96","24","61","0"
"57-861-4379","73-383-4390","635","02282024","05152024","02042025","93","8","51","93","85","-2"
"39-768-8205","07-987-4536","636","02282024","07172024","11292024","56","97","29","82","100","0"
"95-130-9020","75-985-6744","637","02282024","06202024","01212025","82","12","94","69","93","0"
"02-575-1980","61-100-8296","638","02282024","07092024","11242024","11","58","32","99","94","0"
"22-895-6595","18-445-5057","639","02292024","06042024","11212024","31","32","69","38","23","0"
"85-207-4164","07-067-3439","640","02292024","02062025","12102024","97","20","72","29","59","0"
"26-799-3714","50-877-0990","641","02292024","02032025","04062024","74","2","45","37","99","-1"
"57-903-6434","30-460-3122","642","03132024","03102024","03232024","44","67","15","82","51","-2"
"80-227-6886","91-632-7343","643","03132024","01122025","06142024","33","4","31","46","92","0"
"31-255-9616","11-031-9939","644","03142024","12282024","03162024","88","71","9","28","14","-1"
"37-610-1999","19-985-9694","645","03142024","10192024","10192024","14","67","65","71","94","1"
"86-330-0214","87-840-7803","646","03152024","02182025","03302024","36","64","63","91","35","0"
"29-592-7315","61-867-3019","647","03152024","07042024","09222024","56","4","74","61","73","1"
"86-257-4613","70-402-4816","648","03152024","08232024","08052024","44","26","60","63","59","0"
"79-350-5841","81-676-3345","649","03152024","09052024","04172024","33","44","89","93","19","0"
"22-329-7791","72-013-2438","650","03162024","01132025","09192024","53","41","30","24","77","1"
"10-854-5467","40-443-3362","651","03162024","05042024","11262024","96","51","40","61","4","-2"
"70-612-2531","94-217-4781","652","03172024","01252025","10302024","48","48","39","51","50","1"
"71-516-1996","04-391-7610","653","03182024","05072024","06202024","96","52","16","67","13","0"
"71-999-2404","01-285-0018","654","03182024","08052024","01292025","58","58","28","85","63","1"
"29-875-6900","78-098-4468","655","03182024","01232025","08222024","45","28","6","35","16","0"
"11-922-3342","33-523-9077","656","03182024","06102024","03042024","24","77","32","80","42","1"
"74-562-7431","66-174-9633","657","03182024","03202024","11012024","94","34","21","74","70","0"
"95-357-2870","75-365-7696","658","03182024","05132024","05202024","86","80","80","22","67","0"
"04-277-5245","90-175-7764","659","03192024","07282024","06182024","20","51","21","71","26","-2"
"91-105-7317","84-047-0017","660","03202024","12282024","02022025","85","45","71","95","72","1"
"37-246-0018","61-907-0994","661","03202024","01142025","04112024","30","59","76","61","3","0"
"27-474-0056","56-969-3705","662","03202024","12192024","06192024","23","6","40","95","24","1"
"12-439-8428","43-542-6868","663","03212024","09142024","05312024","17","3","33","49","17","1"
"56-657-4387","78-629-7560","664","03212024","02292024","06222024","61","77","45","51","48","1"
"91-290-9062","95-609-1485","665","03212024","04192024","09252024","29","2","84","80","85","0"
"06-503-5891","19-098-2529","666","03222024","09232024","03162024","40","22","74","76","70","0"
"37-064-7275","63-522-2633","667","03222024","06252024","09222024","20","42","45","72","28","0"
"21-993-5632","26-860-4618","668","03232024","04142024","10232024","51","72","85","23","17","1"
"05-720-8792","33-265-4588","669","03242024","07082024","10262024","80","91","36","81","74","0"
"36-531-4087","83-172-5527","670","03242024","10252024","03142024","85","12","94","26","32","0"
"61-680-9496","75-448-1356","671","03242024","10052024","04142024","17","14","17","36","64","0"
"36-636-4873","11-098-3982","672","03252024","01172025","05302024","86","100","74","80","94","-1"
"45-992-5653","22-050-5775","673","03252024","07072024","10192024","82","67","67","26","1","0"
"85-781-5386","89-439-6947","674","03252024","03202024","12282024","78","68","86","47","95","1"
"76-459-2392","91-030-6609","675","03262024","04132024","05242024","74","4","67","31","34","-1"
"92-791-0606","56-050-1773","676","03262024","04282024","09062024","18","62","2","61","78","0"
"87-199-2743","54-907-6531","677","03262024","09152024","11122024","59","74","100","63","69","0"
"04-038-1547","61-912-9541","678","03262024","11242024","06082024","48","2","16","27","1","0"
"83-917-7384","84-923-5086","679","03272024","08242024","05112024","76","97","20","52","82","1"
"94-525-6925","31-892-6816","680","03272024","05162024","09172024","50","56","63","70","100","-1"
"16-632-1308","45-903-0036","681","03272024","05212024","11212024","23","13","15","31","28","0"
"13-798-3397","89-992-6472","682","03272024","05092024","12202024","86","16","37","34","66","0"
"69-834-2874","51-600-6076","683","03272024","06252024","10072024","28","62","81","28","30","-1"
"60-343-3288","22-940-6543","684","03282024","01012025","05032024","85","92","66","54","85","0"
"21-650-9319","73-445-3017","685","03282024","01282025","04242024","42","88","95","67","94","-1"
"14-550-2152","60-003-2919","686","03292024","06182024","11172024","51","1","61","96","26","0"
"61-582-7399","15-062-6342","687","03292024","02052025","07222024","73","83","74","87","10","1"
"28-107-4953","01-165-8830","688","03292024","11122024","10182024","53","19","94","82","56","1"
"53-050-8242","31-163-5871","689","03302024","03162024","02152025","82","25","94","66","14","0"
"88-586-8797","02-530-5932","690","03302024","08252024","02092025","98","62","97","59","19","1"
"93-772-3085","61-807-0746","691","03302024","07182024","01202025","39","19","18","58","90","1"
"04-001-1793","29-359-0109","692","03312024","02022025","04092024","43","38","63","88","65","-1"
"10-137-9759","23-688-6256","693","03312024","09032024","03102024","90","17","17","82","84","0"
"96-682-8546","03-882-3517","694","03312024","10262024","09172024","70","29","24","62","55","0"
"07-617-6934","48-700-8059","695","03312024","12212024","11162024","91","39","48","48","18","0"
"43-164-5984","10-008-6747","696","04132024","06172024","11232024","36","75","35","26","41","1"
"07-074-1196","69-112-6969","697","04142024","01102025","10102024","11","56","62","40","5","-1"
"05-193-8096","86-709-5618","698","04142024","03192024","07082024","82","21","85","39","18","1"
"92-837-8839","95-484-3134","699","04142024","01162025","08182024","23","71","32","63","23","1"
"60-343-7973","06-303-4127","700","04152024","04292024","04092024","56","86","23","67","56","1"
"76-264-0748","27-557-2375","701","04152024","06012024","01092025","47","41","63","39","54","0"
"67-130-4114","53-718-1768","702","04152024","02272024","01242025","84","26","37","46","67","0"
"99-961-0767","78-954-5649","703","04162024","10252024","12062024","85","15","30","95","63","0"
"24-228-6840","26-280-5472","704","04162024","08092024","11282024","27","1","3","34","63","0"
"83-573-4586","91-191-2324","705","04172024","10192024","07182024","77","95","82","29","46","-1"
"80-698-0324","98-587-7923","706","04172024","02042025","05252024","84","58","28","51","12","-1"
"83-568-3475","10-950-0546","707","04172024","04042024","02102025","35","72","70","74","15","1"
"15-846-7959","47-026-0505","708","04172024","12012024","03202024","98","14","11","48","38","1"
"98-148-0940","06-175-9657","709","04172024","04022024","11052024","63","62","18","67","17","0"
"76-325-9093","67-922-3399","710","04182024","10192024","12182024","27","92","56","29","32","1"
"10-034-7654","27-292-4656","711","04182024","10252024","05282024","70","96","92","27","58","0"
"21-633-8696","89-468-2696","712","04182024","04062024","05262024","49","59","73","93","45","-1"
"74-181-4135","00-487-2428","713","04182024","03172024","09172024","22","19","4","88","24","1"
"98-064-4465","93-719-9817","714","04192024","10012024","11112024","96","38","17","72","84","1"
"41-475-5305","93-900-1170","715","04192024","03132024","09122024","61","20","29","71","97","0"
"80-988-4653","02-272-0535","716","04202024","09142024","04192024","43","66","85","66","65","0"
"51-583-6029","78-024-3286","717","04202024","08182024","02182025","38","43","91","72","64","0"
"63-270-7076","85-532-0172","718","04212024","06122024","01242025","65","36","37","32","70","0"
"70-149-6756","97-150-9199","719","04212024","01062025","06262024","14","99","97","28","45","-1"
"98-909-9395","74-119-5491","720","04222024","08312024","12072024","67","98","92","35","98","-1"
"35-621-2546","14-190-2260","721","04222024","04072024","02152025","85","89","41","68","93","-2"
"24-579-6500","60-309-5783","722","04222024","06122024","09042024","93","51","70","81","18","0"
"01-703-8441","91-216-7668","723","04232024","01012025","06212024","100","10","89","76","38","1"
"61-796-6540","40-002-8400","724","04242024","06022024","08142024","88","4","79","23","39","1"
"16-354-8122","61-604-8116","725","04252024","01222025","11272024","97","99","96","57","42","-1"
"67-512-9754","35-941-2585","726","04252024","07212024","03222024","19","100","83","66","28","0"
"11-316-8405","50-918-1373","727","04262024","02242025","11252024","24","55","51","39","15","1"
"36-372-2295","85-823-7428","728","04262024","10222024","04142024","55","13","71","37","4","1"
"84-075-7647","95-889-8592","729","04272024","10212024","02222025","91","82","58","43","45","1"
"08-226-5155","64-584-7898","730","04272024","05012024","04272024","49","93","15","52","31","0"
"46-496-2930","29-295-9755","731","04272024","10262024","08142024","66","28","7","85","6","0"
"00-215-7434","85-272-3969","732","04282024","02192025","11282024","14","63","74","59","63","1"
"12-828-1063","48-707-5857","733","04282024","03292024","08052024","36","82","85","27","67","0"
"48-770-6319","64-452-2395","734","04282024","11212024","02022025","52","31","18","77","16","-1"
"44-305-1866","25-190-3172","735","04292024","07022024","08292024","48","71","86","95","3","1"
"97-283-4840","64-604-1679","736","04292024","05122024","02242025","58","23","66","82","61","1"
"35-328-8392","52-340-4509","737","04292024","03182024","04212024","39","2","71","20","70","0"
"43-693-2092","19-469-9841","738","04302024","10212024","09222024","51","100","70","40","21","-3"
"47-802-5023","51-010-8144","739","04302024","10182024","06072024","16","20","45","81","62","0"
"24-009-1208","96-405-4286","740","04302024","06102024","02062025","62","31","24","89","100","0"
"98-556-5323","21-490-8051","741","05132024","08122024","08272024","60","61","2","96","50","0"
"14-521-4167","68-609-1972","742","05132024","06292024","03062024","47","2","76","48","36","0"
"61-607-7622","77-175-2969","743","05132024","02212025","01152025","23","38","25","84","78","0"
"06-849-4869","39-464-7300","744","05132024","02192025","07152024","85","15","16","46","24","0"
"41-526-4036","45-923-7206","745","05132024","03022024","01292025","55","25","87","69","48","0"
"49-570-8214","17-345-5800","746","05132024","05272024","12182024","81","76","10","68","100","0"
"85-561-4694","57-486-8971","747","05152024","08152024","05112024","28","27","22","70","30","0"
"26-629-5920","19-264-7608","748","05152024","07162024","12142024","99","6","88","49","9","1"
"75-029-9003","61-917-4271","749","05162024","10072024","04012024","34","42","86","28","23","1"
"79-428-8753","29-521-7910","750","05162024","07062024","12302024","62","79","95","34","12","0"
"34-369-7712","95-241-9348","751","05162024","05112024","06062024","55","96","40","23","47","1"
"22-141-9798","59-849-9942","752","05182024","09202024","04302024","47","7","63","29","20","-1"
"38-924-3007","83-936-5065","753","05182024","01052025","04172024","12","28","11","46","88","0"
"70-005-5970","18-490-4140","754","05182024","10022024","12242024","84","46","80","66","84","-1"
"19-021-5024","75-369-5047","755","05192024","02132025","05072024","47","63","86","76","29","0"
"31-403-6234","00-258-2525","756","05202024","11242024","05042024","87","24","66","22","34","1"
"19-047-4239","11-146-9880","757","05212024","03302024","04302024","47","72","73","93","27","-1"
"29-092-3453","41-867-9911","758","05222024","05072024","06172024","61","17","69","31","29","1"
"28-956-1320","01-445-8931","759","05232024","10182024","09052024","62","2","98","50","11","0"
"88-069-5486","95-878-1614","760","05232024","07132024","05012024","31","87","19","41","10","1"
"97-710-2449","39-676-9308","761","05232024","01232025","06192024","28","94","80","31","1","1"
"84-272-0790","00-635-4638","762","05232024","11182024","07292024","28","86","44","48","12","1"
"89-602-6755","51-054-3811","763","05232024","02072025","07172024","74","90","26","24","11","1"
"63-162-9244","58-945-2944","764","05242024","08112024","05172024","49","89","65","37","48","1"
"49-579-4325","98-558-5813","765","05242024","08222024","05172024","64","95","62","55","1","0"
"96-503-7712","97-325-5889","766","05252024","07282024","01192025","93","76","82","76","51","1"
"56-213-0577","72-306-8602","767","05252024","05232024","09172024","24","25","52","24","77","0"
"24-989-3302","89-159-0852","768","05252024","06032024","07302024","85","90","16","61","80","-2"
"79-920-2395","70-825-7341","769","05262024","05082024","07162024","81","23","17","92","78","0"
"73-118-1117","55-557-8544","770","05272024","05052024","11132024","52","88","55","100","46","0"
"65-674-6076","16-933-3355","771","05272024","10062024","12182024","78","61","6","49","60","1"
"66-312-5511","99-553-6838","772","05272024","04102024","12152024","44","97","76","80","33","0"
"58-005-5343","83-401-2709","773","05272024","05032024","08212024","38","94","87","89","100","1"
"40-795-0753","47-183-4911","774","05282024","02222025","05302024","31","43","80","46","78","0"
"73-401-5721","38-622-5251","775","05282024","10282024","12262024","46","28","73","65","57","-1"
"53-680-5293","47-732-4446","776","05282024","05312024","08242024","88","74","97","79","5","0"
"02-170-5225","90-940-9550","777","05282024","09182024","02232025","90","75","43","80","57","1"
"55-680-0982","57-412-5368","778","05282024","01142025","08192024","64","66","28","25","52","0"
"48-414-6162","10-060-8515","779","05292024","11082024","05052024","55","93","84","46","84","-1"
"71-631-5875","91-859-1733","780","05292024","09092024","10252024","88","83","42","61","59","-1"
"34-538-1180","40-907-4937","781","05292024","11032024","04062024","29","39","80","23","85","0"
"48-957-6116","34-334-6888","782","05302024","05162024","08052024","31","44","9","46","9","-3"
"32-261-0008","26-073-5798","783","05302024","02182025","07182024","63","48","22","21","90","1"
"34-110-1040","14-427-6604","784","05302024","06092024","06242024","75","85","27","26","68","-3"
"74-132-5528","41-713-1053","785","05302024","03212024","01222025","63","62","98","62","45","-2"
"15-797-4824","46-830-4835","786","05302024","11202024","01142025","32","27","26","38","79","0"
"76-854-0095","38-883-3382","787","05312024","02082025","12282024","65","61","82","29","11","-1"
"94-092-3355","76-641-2070","788","06132024","12012024","08042024","57","43","46","87","88","1"
"99-194-5600","70-064-6828","789","06142024","02252024","05142024","57","25","98","78","37","0"
"40-205-8252","68-493-0378","790","06142024","10052024","07142024","38","37","27","45","88","1"
"69-674-5387","04-313-0298","791","06152024","06272024","02012025","59","27","63","92","82","-1"
"04-293-6969","69-087-6645","792","06152024","09022024","08202024","37","38","24","93","32","0"
"21-890-2826","32-371-1686","793","06152024","05042024","09192024","48","12","62","59","23","1"
"65-759-3721","21-634-5781","794","06162024","05242024","12282024","33","60","67","20","7","1"
"36-383-3677","88-020-6814","795","06162024","05292024","02022025","32","38","23","52","11","1"
"84-546-7624","34-730-9079","796","06162024","04082024","06012024","43","41","100","27","78","1"
"77-827-0820","46-590-7639","797","06162024","11062024","11092024","97","20","8","51","51","-2"
"57-562-2358","22-644-6447","798","06172024","01192025","02042025","37","94","76","94","66","0"
"93-218-8108","05-966-6460","799","06172024","05222024","11172024","74","60","27","99","68","0"
"81-354-4203","15-466-5131","800","06182024","06272024","04282024","76","57","78","52","86","0"
"57-613-5779","29-009-9132","801","06192024","03112024","08292024","100","21","64","20","13","-1"
"49-919-8798","82-482-3670","802","06192024","08042024","10102024","64","31","91","85","42","0"
"70-542-4269","27-772-7906","803","06192024","04232024","04172024","41","22","11","86","30","1"
"43-670-8544","16-656-4821","804","06202024","05142024","10072024","84","95","22","48","82","1"
"29-436-6570","12-140-7809","805","06202024","09272024","09172024","61","8","45","73","64","-1"
"10-617-7581","86-995-7254","806","06202024","03302024","06172024","24","14","5","98","9","0"
"50-772-2613","74-619-4608","807","06202024","05192024","03232024","86","23","1","100","86","1"
"26-535-4727","17-939-1338","808","06212024","08172024","04292024","93","25","23","72","83","0"
"88-602-8210","26-411-9126","809","06222024","06192024","09282024","99","96","39","94","89","0"
"83-966-3280","50-305-3936","810","06222024","10132024","09202024","30","29","70","80","43","0"
"21-252-1360","28-314-1189","811","06222024","09042024","07042024","75","23","34","100","54","0"
"89-922-4773","99-455-0707","812","06222024","07022024","12272024","39","53","64","92","8","0"
"15-884-7413","39-412-7454","813","06222024","05232024","04162024","77","58","13","63","28","1"
"82-243-3180","18-631-1458","814","06232024","07312024","02112025","43","63","80","33","96","1"
"33-807-7247","94-453-3755","815","06232024","07072024","01032025","58","17","26","62","89","-2"
"07-858-5487","92-991-6167","816","06232024","05162024","12292024","64","14","44","53","33","0"
"27-387-0428","62-312-2748","817","06232024","11292024","04092024","88","42","68","92","29","0"
"79-741-0770","67-771-7656","818","06242024","02242025","03172024","72","87","39","94","57","1"
"34-086-3222","34-017-9457","819","06242024","12252024","06052024","12","7","48","66","4","0"
"93-166-3169","21-156-0102","820","06242024","02132025","01022025","58","81","66","85","78","1"
"74-548-9313","69-832-7009","821","06242024","09202024","02122025","99","59","12","52","57","0"
"53-710-7630","46-171-9624","822","06252024","07092024","01142025","25","95","71","24","76","0"
"64-119-7804","53-497-9614","823","06252024","03062024","12292024","98","43","9","86","62","-2"
"40-810-9261","56-554-1762","824","06262024","12092024","05232024","75","47","33","33","12","0"
"91-553-1774","74-943-4552","825","06262024","09052024","04122024","80","43","80","64","53","1"
"39-192-3521","74-062-7176","826","06262024","02222025","03162024","20","9","12","46","32","0"
"63-890-1246","29-273-1595","827","06272024","05162024","10092024","93","50","43","76","35","0"
"71-954-4501","26-135-6134","828","06272024","10082024","07262024","66","49","41","27","37","1"
"00-357-2313","93-619-6639","829","06292024","11262024","12132024","10","86","23","24","52","0"
"29-756-7042","20-426-2191","830","06292024","04152024","05072024","90","52","50","63","14","-1"
"92-551-8504","22-836-5101","831","06292024","02222025","12242024","19","81","33","39","85","1"
"61-317-9944","03-220-5535","832","06292024","05172024","10292024","72","20","71","87","68","-1"
"03-276-3931","42-224-8186","833","06302024","09182024","12202024","60","36","28","26","29","0"
"02-275-6061","21-829-0398","834","06302024","03262024","08192024","26","16","69","64","79","0"
"72-970-0239","64-752-3122","835","06302024","07242024","07182024","85","86","21","78","53","0"
"36-679-4670","60-508-7567","836","06302024","02222025","01132025","90","22","20","81","88","0"
"13-409-9040","34-303-5097","837","06302024","08052024","01082025","35","20","42","53","56","0"
"88-408-0310","91-002-3027","838","06302024","03312024","08262024","50","40","69","28","98","0"
"57-359-3397","54-659-1177","839","07132024","10022024","12192024","43","40","30","95","26","-3"
"01-050-2246","80-462-5807","840","07132024","02252024","09082024","99","68","1","59","16","1"
"47-581-0363","08-359-2568","841","07142024","12052024","01202025","99","10","88","69","98","1"
"33-670-6797","74-032-7560","842","07142024","08262024","07052024","45","56","64","35","82","0"
"69-578-7930","37-728-5274","843","07142024","03182024","06052024","44","67","31","44","72","-1"
"75-672-4378","20-103-9525","844","07152024","11162024","06052024","62","40","86","45","86","-1"
"31-211-5803","75-503-9347","845","07162024","08212024","02072025","16","9","32","50","98","-1"
"49-861-7823","22-152-0111","846","07162024","07132024","08102024","99","8","27","41","50","-1"
"84-624-0201","25-769-3792","847","07172024","11092024","01202025","71","77","30","34","57","0"
"66-993-4234","15-852-0491","848","07182024","01162025","06242024","13","60","100","44","32","-1"
"00-963-2193","39-521-8484","849","07192024","02032025","12232024","43","88","33","84","75","0"
"99-420-3592","88-647-5082","850","07192024","07212024","11132024","22","24","94","47","71","0"
"76-623-7844","84-498-3849","851","07192024","08232024","05152024","29","33","88","50","35","-1"
"28-003-8065","42-579-7177","852","07192024","02162025","01282025","79","47","51","83","69","0"
"28-008-2951","64-118-1480","853","07202024","01162025","05202024","95","29","28","52","46","0"
"45-402-0421","87-201-6047","854","07202024","12082024","07142024","70","84","72","71","20","0"
"73-942-0508","37-057-3553","855","07202024","01142025","10042024","61","100","94","76","2","1"
"22-266-9291","15-550-0171","856","07202024","03272024","04082024","11","17","59","69","100","1"
"06-068-6793","94-958-6101","857","07202024","08062024","08152024","39","80","68","46","54","0"
"58-063-8633","21-932-5200","858","07212024","06302024","09222024","50","3","88","69","73","0"
"27-442-3654","57-544-2465","859","07212024","08262024","12032024","59","17","1","69","82","0"
"03-043-9933","48-450-4126","860","07212024","02092025","02082025","16","23","76","50","27","0"
"99-137-1730","65-797-3468","861","07222024","02282024","10182024","62","79","23","32","80","0"
"09-622-7119","59-781-3399","862","07222024","01302025","06152024","30","81","99","99","3","-2"
"95-356-1566","57-204-2098","863","07222024","02212025","01292025","13","61","77","42","18","1"
"22-319-1377","82-266-1796","864","07232024","03032024","06212024","14","16","93","39","30","1"
"89-181-4523","54-749-3622","865","07232024","06232024","12222024","46","6","64","63","29","0"
"38-555-9147","35-370-7603","866","07232024","04292024","03082024","62","23","25","34","68","1"
"53-667-4109","40-800-4739","867","07232024","03212024","05242024","16","75","42","22","46","-1"
"14-489-8669","28-436-5158","868","07242024","11052024","05132024","54","69","68","77","56","-1"
"26-031-8070","11-096-4003","869","07252024","05252024","04192024","57","99","23","89","21","0"
"47-221-2470","30-780-7583","870","07252024","04032024","10102024","17","45","44","37","16","1"
"67-382-4435","49-901-0828","871","07252024","12212024","03022024","99","37","74","46","46","1"
"94-029-2717","37-878-9392","872","07262024","02062025","06092024","40","8","98","86","12","0"
"47-866-6589","78-203-1075","873","07262024","02032025","07272024","41","61","69","30","100","1"
"94-355-3070","73-393-9432","874","07262024","07132024","07232024","14","52","80","64","17","-2"
"82-342-7339","14-325-9173","875","07272024","07312024","03042024","80","61","23","63","75","1"
"80-459-5950","04-866-2231","876","07272024","10022024","03202024","74","10","74","100","66","0"
"67-248-6306","86-173-6891","877","07272024","10022024","12222024","77","54","10","64","73","0"
"68-973-8812","31-955-7362","878","07272024","06222024","05242024","44","77","45","89","64","0"
"11-325-7396","98-940-7545","879","07282024","10182024","03262024","92","46","13","24","75","0"
"68-761-6907","31-199-3683","880","07282024","07212024","02022025","26","18","62","57","86","-2"
"62-509-0666","16-419-1419","881","07282024","05152024","07032024","13","88","7","24","21","-1"
"44-476-0390","48-562-3582","882","07282024","04272024","03142024","90","92","56","71","13","0"
"08-213-2058","13-179-9553","883","07282024","09072024","08262024","43","73","14","59","65","1"
"35-529-2933","57-591-6452","884","07282024","10232024","07132024","85","54","18","85","44","0"
"24-364-3341","13-290-8513","885","07292024","04112024","09252024","44","84","63","51","67","0"
"65-644-1394","23-280-1300","886","07292024","01062025","02102025","26","95","36","92","14","0"
"88-401-3700","39-299-6093","887","07292024","02042025","01202025","86","66","24","30","6","1"
"47-441-7682","90-998-1236","888","07292024","12122024","11302024","40","91","24","28","47","1"
"68-977-2498","26-222-1156","889","07302024","05202024","07212024","88","99","41","93","99","-1"
"37-567-3218","03-257-4437","890","07302024","10312024","07202024","37","47","34","38","89","0"
"87-903-3486","90-378-8463","891","07302024","09102024","02292024","21","25","39","79","30","-1"
"96-316-7600","76-671-7104","892","07312024","07272024","07072024","70","31","55","23","80","1"
"00-842-9790","37-079-2530","893","07312024","01302025","12282024","65","94","4","66","36","-2"
"96-164-0607","15-655-3923","894","07312024","12202024","10172024","89","79","66","91","31","0"
"04-240-2226","65-842-6819","895","08132024","06282024","03052024","47","48","73","42","51","1"
"97-772-2336","19-704-4404","896","08132024","02032025","07142024","70","30","69","44","42","0"
"63-822-5278","27-636-1606","897","08132024","12132024","02272024","14","66","1","86","15","0"
"19-967-0632","90-445-1753","898","08142024","02042025","11062024","53","86","54","44","3","1"
"28-986-8001","37-281-2537","899","08142024","06152024","10132024","65","69","4","80","26","1"
"44-128-2185","79-091-7381","900","08142024","07102024","12302024","98","20","81","51","23","1"
"84-327-7787","97-571-0561","901","08142024","08262024","09062024","83","35","43","94","68","1"
"50-364-5828","17-239-6309","902","08152024","06142024","12232024","89","57","92","38","16","0"
"65-368-2479","99-570-8162","903","08152024","03102024","10072024","23","21","59","81","8","1"
"17-253-5688","42-638-2086","904","08152024","07072024","06202024","39","55","39","47","59","1"
"29-205-1132","38-037-1699","905","08162024","06292024","09192024","22","72","70","32","19","0"
"64-854-8664","19-893-7698","906","08162024","01252025","08302024","79","3","36","46","29","0"
"66-627-9752","87-839-6400","907","08172024","10012024","09032024","49","73","48","52","62","0"
"62-795-7801","08-312-0872","908","08172024","07282024","11232024","35","41","84","62","14","0"
"40-683-0283","27-060-9944","909","08172024","05042024","05232024","27","64","78","57","4","1"
"87-423-8486","12-947-4739","910","08172024","03212024","03092024","63","4","46","40","69","1"
"16-499-5059","09-090-6360","911","08182024","11192024","12202024","77","20","5","61","62","-1"
"05-334-2923","41-772-6271","912","08182024","11222024","05162024","14","74","71","37","22","0"
"74-845-3299","21-792-1000","913","08182024","02122025","04292024","63","92","26","93","99","0"
"10-249-7928","69-861-0313","914","08182024","04032024","11032024","85","4","75","95","70","0"
"08-725-8156","32-196-4714","915","08182024","11102024","03152024","59","59","10","57","50","0"
"41-240-8856","28-162-7486","916","08182024","05292024","01102025","79","53","12","45","95","0"
"35-257-9312","35-927-4986","917","08182024","10122024","04062024","80","100","48","100","28","-1"
"13-980-8804","20-608-1290","918","08192024","10012024","02102025","100","3","32","98","91","1"
"68-977-6854","73-830-9633","919","08192024","07292024","03022024","90","30","42","76","69","0"
"90-773-9557","02-165-5779","920","08202024","06302024","06122024","85","28","21","45","89","0"
"89-328-9019","63-057-0462","921","08202024","04202024","12082024","63","43","8","55","72","-1"
"59-075-2457","18-733-2453","922","08212024","02032025","11102024","97","26","15","33","58","0"
"31-627-6025","17-084-8551","923","08222024","09032024","01202025","56","62","64","56","73","-1"
"28-824-9017","93-712-3934","924","08222024","06082024","06142024","19","94","17","96","74","0"
"06-858-5680","63-231-2829","925","08222024","01122025","01162025","15","34","57","49","96","0"
"38-732-7667","88-663-3393","926","08232024","10132024","09282024","18","52","22","42","32","-1"
"85-237-3505","92-296-1266","927","08232024","11132024","11032024","88","50","88","78","28","0"
"73-117-6105","74-729-7466","928","08232024","09172024","01232025","44","48","77","67","79","1"
"46-436-5351","07-471-0050","929","08242024","09302024","04162024","80","54","21","81","37","0"
"56-303-5256","29-821-5359","930","08242024","11172024","03212024","58","24","25","75","26","1"
"57-394-1587","59-595-7531","931","08252024","02172025","10302024","57","63","41","53","94","1"
"51-934-9117","34-389-9922","932","08252024","07282024","01312025","30","55","4","56","31","-1"
"77-377-1659","64-674-3902","933","08252024","01222025","06192024","74","22","91","24","12","0"
"27-262-2437","05-181-2682","934","08262024","11202024","10092024","80","9","29","54","62","1"
"71-085-4290","26-593-3478","935","08262024","10072024","12042024","31","98","72","91","29","0"
"87-675-1506","21-697-8128","936","08262024","12072024","05212024","31","89","7","46","54","1"
"77-224-2227","89-226-5813","937","08262024","09302024","10262024","75","46","75","43","77","0"
"94-658-4945","09-153-0763","938","08272024","02122025","05082024","65","10","81","71","61","-1"
"15-562-3712","53-243-7800","939","08272024","06202024","10282024","33","89","15","90","52","0"
"98-546-7398","37-921-2953","940","08272024","05032024","04172024","80","69","71","41","43","0"
"36-177-0573","62-687-0951","941","08272024","10022024","04132024","92","1","23","78","36","0"
"39-358-3340","86-841-4440","942","08272024","03252024","03142024","71","60","62","60","63","1"
"11-733-1756","27-970-8649","943","08282024","11272024","02242025","52","81","53","95","88","0"
"01-026-2772","20-532-0144","944","08282024","06112024","05272024","40","61","47","76","10","0"
"84-198-7276","34-158-6684","945","08292024","01162025","06152024","60","88","65","94","15","1"
"56-810-0550","94-145-9423","946","08292024","12022024","09042024","71","7","6","52","68","1"
"40-751-8635","48-878-3021","947","08302024","10172024","03052024","44","80","84","96","68","0"
"14-305-9690","13-457-9946","948","08302024","06292024","03102024","19","17","14","58","23","0"
"83-727-0814","79-656-1990","949","08302024","06082024","06052024","11","87","64","29","6","1"
"71-015-9181","56-196-9896","950","08302024","08272024","10262024","22","35","55","41","27","1"
"51-572-5497","43-035-3382","951","08312024","02132025","04282024","15","44","88","56","12","0"
"06-797-4963","41-821-0197","952","08312024","08152024","08162024","52","8","37","38","81","1"
"42-141-5718","67-662-3444","953","09132024","01062025","12262024","100","31","43","88","52","-1"
"37-606-0510","09-489-6314","954","09132024","06092024","11092024","18","64","86","73","38","0"
"44-480-9446","35-000-6015","955","09132024","02192025","03142024","39","13","13","84","93","0"
"78-237-0277","50-314-5433","956","09152024","09232024","01132025","46","27","76","64","96","0"
"87-997-0228","55-156-6528","957","09152024","10242024","12272024","71","4","37","81","25","-1"
"42-674-3917","26-080-4944","958","09152024","04202024","06062024","41","76","47","50","50","1"
"28-185-7303","97-143-0641","959","09152024","01212025","10222024","59","31","3","48","51","0"
"45-852-2446","37-567-5710","960","09152024","06082024","11292024","73","12","28","89","92","0"
"56-831-6199","99-680-2351","961","09162024","02252024","08142024","49","48","62","96","37","0"
"82-538-4809","74-357-2990","962","09162024","11052024","10242024","83","61","4","35","7","1"
"87-698-0944","73-717-0190","963","09172024","08272024","02022025","56","12","59","35","16","1"
"30-964-2694","42-976-2737","964","09182024","05122024","06302024","48","72","55","51","41","1"
"09-335-7793","96-918-7047","965","09182024","09072024","06012024","66","19","20","30","49","0"
"99-033-5661","32-458-6452","966","09192024","01272025","09252024","42","3","21","35","22","-1"
"90-128-7973","91-417-6283","967","09192024","10312024","03132024","49","3","7","75","46","0"
"52-797-6961","75-793-8978","968","09192024","06072024","06172024","46","80","88","62","22","0"
"39-232-5341","23-319-2681","969","09212024","10242024","02152025","20","34","74","50","83","1"
"46-931-6897","22-946-8052","970","09212024","06152024","09152024","29","32","26","64","85","-1"
"56-937-8675","37-996-3243","971","09212024","05312024","12082024","62","91","14","41","77","0"
"54-830-6971","94-006-6480","972","09212024","12252024","05182024","100","61","21","85","79","-1"
"90-865-9150","58-053-4926","973","09222024","05122024","07092024","28","24","97","82","5","0"
"42-887-6557","49-092-2735","974","09232024","07102024","03302024","26","82","19","76","88","1"
"94-190-5193","95-778-2888","975","09232024","11212024","04092024","67","68","50","67","82","0"
"00-440-9568","43-605-2448","976","09232024","09042024","12202024","53","98","25","55","51","0"
"74-294-3760","81-233-6894","977","09232024","11302024","11272024","49","17","54","45","96","0"
"66-806-6051","19-875-5642","978","09232024","07012024","05232024","63","12","82","56","31","-1"
"81-844-2979","02-575-7332","979","09242024","01152025","05112024","73","87","46","47","67","0"
"80-072-8774","61-222-8413","980","09242024","07062024","10152024","89","95","41","76","96","0"
"80-039-1261","37-994-7932","981","09252024","11282024","06122024","26","97","12","94","58","0"
"58-219-0241","42-523-1857","982","09262024","05122024","06042024","50","36","81","27","6","0"
"94-528-8088","68-885-5553","983","09262024","07242024","03082024","43","7","63","66","71","1"
"95-349-0828","43-977-2343","984","09272024","08292024","02062025","97","57","84","95","28","0"
"03-061-1344","85-211-5357","985","09272024","07192024","06272024","98","65","76","62","47","1"
"67-984-5368","39-714-7313","986","09272024","10042024","07282024","52","56","34","31","69","0"
"44-782-1395","54-132-9762","987","09292024","06262024","11172024","72","72","68","39","78","-1"
"75-927-9108","27-406-7972","988","09292024","06172024","07022024","24","32","17","55","72","-1"
"78-614-4402","51-014-4287","989","09302024","02142025","04252024","81","99","28","20","85","0"
"01-903-5373","37-902-0286","990","09302024","06202024","06212024","94","77","89","40","84","-3"
